/*
SQLyog  v12.2.6 (64 bit)
MySQL - 5.5.56 : Database - iremote
*********************************************************************
*/

/*!40101 SET NAMES utf8 */;

/*!40101 SET SQL_MODE=''*/;

/*!40014 SET @OLD_UNIQUE_CHECKS=@@UNIQUE_CHECKS, UNIQUE_CHECKS=0 */;
/*!40014 SET @OLD_FOREIGN_KEY_CHECKS=@@FOREIGN_KEY_CHECKS, FOREIGN_KEY_CHECKS=0 */;
/*!40101 SET @OLD_SQL_MODE=@@SQL_MODE, SQL_MODE='NO_AUTO_VALUE_ON_ZERO' */;
/*!40111 SET @OLD_SQL_NOTES=@@SQL_NOTES, SQL_NOTES=0 */;
CREATE DATABASE /*!32312 IF NOT EXISTS*/`iremote` /*!40100 DEFAULT CHARACTER SET utf8 */;

USE `iremote`;

/*Data for the table `region` */

insert into `region`(`regionid`,`code`, `name`, `countrycode`) values
(2, "china","中国", "CN");

/*Data for the table `city` */

insert  into `city`(`cityid`,`provinceid`,`code`,`name`,`locationkey`) values 
(3554,14,'huhehaote','呼和浩特','huhehaote'),
(3555,14,'baotou','包头','baotou'),
(3556,14,'wulanchabu','乌兰察布','wulanchabu'),
(3557,14,'tongliao','通辽','tongliao'),
(3558,14,'chifeng','赤峰','chifeng'),
(3559,14,'hulunbeier','呼伦贝尔','hulunbeier'),
(3560,14,'alashanmeng','阿拉善盟','alashanmeng'),
(3561,14,'xinganmeng','兴安盟','xinganmeng'),
(3562,14,'eerduosi','鄂尔多斯','eerduosi'),
(3563,14,'xilinguole','锡林郭勒','xilinguole'),
(3564,14,'bayannaoer','巴彦淖尔','bayannaoer'),
(3565,14,'wuhai','乌海','wuhai'),
(3566,15,'putian','莆田','putian'),
(3567,15,'quanzhou','泉州','quanzhou'),
(3568,15,'longyan','龙岩','longyan'),
(3569,15,'ningde','宁德','ningde'),
(3570,15,'fuzhou','福州','fuzhou'),
(3571,15,'nanping','南平','nanping'),
(3572,15,'xiamen','厦门','xiamen'),
(3573,15,'sanming','三明','sanming'),
(3574,15,'zhangzhou','漳州','zhangzhou'),
(3575,15,'diaoyudao','钓鱼岛','diaoyudao'),
(3576,16,'baiyin','白银','baiyin'),
(3577,16,'jiayuguan','嘉峪关','jiayuguan'),
(3578,16,'dingxi','定西','dingxi'),
(3579,16,'jiuquan','酒泉','jiuquan'),
(3580,16,'tianshui','天水','tianshui'),
(3581,16,'gannan','甘南','gannan'),
(3582,16,'lanzhou','兰州','lanzhou'),
(3583,16,'wuwei','武威','wuwei'),
(3584,16,'pingliang','平凉','pingliang'),
(3585,16,'longnan','陇南','longnan'),
(3586,16,'zhangye','张掖','zhangye'),
(3587,16,'jinchang','金昌','jinchang'),
(3588,16,'qingyang','庆阳','qingyang'),
(3589,16,'linxia','临夏','linxia'),
(3590,17,'zhuhai','珠海','zhuhai'),
(3591,17,'foshan','佛山','foshan'),
(3592,17,'zhanjiang','湛江','zhanjiang'),
(3593,17,'qingyuan','清远','qingyuan'),
(3594,17,'yunfu','云浮','yunfu'),
(3595,17,'chaozhou','潮州','chaozhou'),
(3596,17,'maoming','茂名','maoming'),
(3597,17,'shanwei','汕尾','shanwei'),
(3598,17,'zhaoqing','肇庆','zhaoqing'),
(3599,17,'guangzhou','广州','guangzhou'),
(3600,17,'heyuan','河源','heyuan'),
(3601,17,'huizhou','惠州','huizhou'),
(3602,17,'jiangmen','江门','jiangmen'),
(3603,17,'meizhou','梅州','meizhou'),
(3604,17,'shantou','汕头','shantou'),
(3605,17,'shaoguan','韶关','shaoguan'),
(3606,17,'shenzhen','深圳','shenzhen'),
(3607,17,'yangjiang','阳江','yangjiang'),
(3608,17,'dongguan','东莞','dongguan'),
(3609,17,'zhongshan','中山','zhongshan'),
(3610,17,'jieyang','揭阳','jieyang'),
(3611,18,'huanggang','黄冈','huanggang'),
(3612,18,'huangshi','黄石','huangshi'),
(3613,18,'shiyan','十堰','shiyan'),
(3614,18,'jingmen','荆门','jingmen'),
(3615,18,'enshi','恩施','enshi'),
(3616,18,'xiangyang','襄阳','xiangyang'),
(3617,18,'wuhan','武汉','wuhan'),
(3618,18,'jingzhou','荆州','jingzhou'),
(3619,18,'yichang','宜昌','yichang'),
(3620,18,'ezhou','鄂州','ezhou'),
(3621,18,'xiaogan','孝感','xiaogan'),
(3622,18,'xianning','咸宁','xianning'),
(3623,18,'suizhou','随州','suizhou'),
(3624,18,'shennongjia','神农架','shennongjia'),
(3625,18,'xiantao','仙桃','xiantao'),
(3626,18,'tianmen','天门','tianmen'),
(3627,18,'qianjiang','潜江','qianjiang'),
(3628,19,'changchun','长春','changchun'),
(3629,19,'baishan','白山','baishan'),
(3630,19,'jilin','吉林','jilin'),
(3631,19,'songyuan','松原','songyuan'),
(3632,19,'yanbian','延边','yanbian'),
(3633,19,'siping','四平','siping'),
(3634,19,'liaoyuan','辽源','liaoyuan'),
(3635,19,'tonghua','通化','tonghua'),
(3636,19,'baicheng','白城','baicheng'),
(3637,20,'baoding','保定','baoding'),
(3638,20,'cangzhou','沧州','cangzhou'),
(3639,20,'chengde','承德','chengde'),
(3640,20,'shijiazhuang','石家庄','shijiazhuang'),
(3641,20,'zhangjiakou','张家口','zhangjiakou'),
(3642,20,'tangshan','唐山','tangshan'),
(3643,20,'qinhuangdao','秦皇岛','qinhuangdao'),
(3644,20,'xingtai','邢台','xingtai'),
(3645,20,'langfang','廊坊','langfang'),
(3646,20,'hengshui','衡水','hengshui'),
(3647,20,'handan','邯郸','handan'),
(3648,20,'xionganxinqu','雄安新区','xionganxinqu'),
(3649,21,'jincheng','晋城','jincheng'),
(3650,21,'taiyuan','太原','taiyuan'),
(3651,21,'datong','大同','datong'),
(3652,21,'xinzhou','忻州','xinzhou'),
(3653,21,'jinzhong','晋中','jinzhong'),
(3654,21,'lvliang','吕梁','lvliang'),
(3655,21,'yangquan','阳泉','yangquan'),
(3656,21,'yuncheng','运城','yuncheng'),
(3657,21,'changzhi','长治','changzhi'),
(3658,21,'shuozhou','朔州','shuozhou'),
(3659,21,'linfen','临汾','linfen'),
(3660,22,'wulumuqi','乌鲁木齐','wulumuqi'),
(3661,22,'kelamayi','克拉玛依','kelamayi'),
(3662,22,'kashi','喀什','kashi'),
(3663,22,'yili','伊犁','yili'),
(3664,22,'bayinguoleng','巴音郭楞','bayinguoleng'),
(3665,22,'changji','昌吉','changji'),
(3666,22,'kezhou','克州','kezhou'),
(3667,22,'alaer','阿拉尔','alaer'),
(3668,22,'aletai','阿勒泰','aletai'),
(3669,22,'hami','哈密','hami'),
(3670,22,'hetian','和田','hetian'),
(3671,22,'boertala','博尔塔拉','boertala'),
(3672,22,'akesu','阿克苏','akesu'),
(3673,22,'tacheng','塔城','tacheng'),
(3674,22,'tulufan','吐鲁番','tulufan'),
(3675,22,'shihezi','石河子','shihezi'),
(3676,23,'lasa','拉萨','lasa'),
(3677,23,'rikaze','日喀则','rikaze'),
(3678,23,'shannan','山南','shannan'),
(3679,23,'linzhi','林芝','linzhi'),
(3680,23,'changdu','昌都','changdu'),
(3681,23,'naqu','那曲','naqu'),
(3682,23,'ali','阿里','ali'),
(3683,24,'haidong','海东','haidong'),
(3684,24,'yushu','玉树','yushu'),
(3685,24,'haixi','海西','haixi'),
(3686,24,'guoluo','果洛','guoluo'),
(3687,24,'haibei','海北','haibei'),
(3688,24,'huangnan','黄南','huangnan'),
(3689,24,'xining','西宁','xining'),
(3690,24,'hainan','海南','hainan'),
(3691,25,'yangling','杨凌','yangling'),
(3692,25,'ankang','安康','ankang'),
(3693,25,'baoji','宝鸡','baoji'),
(3694,25,'hanzhong','汉中','hanzhong'),
(3695,25,'xian','西安','xian'),
(3696,25,'weinan','渭南','weinan'),
(3697,25,'xianyang','咸阳','xianyang'),
(3698,25,'yanan','延安','yanan'),
(3699,25,'yulin','榆林','yulin'),
(3700,25,'tongchuan','铜川','tongchuan'),
(3701,25,'shangluo','商洛','shangluo'),
(3702,26,'macao','澳门','macao'),
(3703,27,'huainan','淮南','huainan'),
(3704,27,'huangshan','黄山','huangshan'),
(3705,27,'maanshan','马鞍山','maanshan'),
(3706,27,'anqing','安庆','anqing'),
(3707,27,'bengbu','蚌埠','bengbu'),
(3708,27,'chuzhou','滁州','chuzhou'),
(3709,27,'fuyang','阜阳','fuyang'),
(3710,27,'xuancheng','宣城','xuancheng'),
(3711,27,'liuan','六安','liuan'),
(3712,27,'chizhou','池州','chizhou'),
(3713,27,'bozhou','亳州','bozhou'),
(3714,27,'hefei','合肥','hefei'),
(3715,27,'wuhu','芜湖','wuhu'),
(3716,27,'suzhou','宿州','suzhou'),
(3717,27,'tongling','铜陵','tongling'),
(3718,27,'huaibei','淮北','huaibei'),
(3719,28,'hechi','河池','hechi'),
(3720,28,'baise','百色','baise'),
(3721,28,'beihai','北海','beihai'),
(3722,28,'chongzuo','崇左','chongzuo'),
(3723,28,'guilin','桂林','guilin'),
(3724,28,'guigang','贵港','guigang'),
(3725,28,'liuzhou','柳州','liuzhou'),
(3726,28,'wuzhou','梧州','wuzhou'),
(3727,28,'nanning','南宁','nanning'),
(3728,28,'qinzhou','钦州','qinzhou'),
(3729,28,'fangchenggang','防城港','fangchenggang'),
(3730,28,'yulin','玉林','yulin'),
(3731,28,'hezhou','贺州','hezhou'),
(3732,28,'laibin','来宾','laibin'),
(3733,29,'changde','常德','changde'),
(3734,29,'zhangjiajie','张家界','zhangjiajie'),
(3735,29,'changsha','长沙','changsha'),
(3736,29,'chenzhou','郴州','chenzhou'),
(3737,29,'xiangxi','湘西','xiangxi'),
(3738,29,'hengyang','衡阳','hengyang'),
(3739,29,'shaoyang','邵阳','shaoyang'),
(3740,29,'huaihua','怀化','huaihua'),
(3741,29,'xiangtan','湘潭','xiangtan'),
(3742,29,'yueyang','岳阳','yueyang'),
(3743,29,'zhuzhou','株洲','zhuzhou'),
(3744,29,'yiyang','益阳','yiyang'),
(3745,29,'yongzhou','永州','yongzhou'),
(3746,29,'loudi','娄底','loudi'),
(3747,30,'wuxi','无锡','wuxi'),
(3748,30,'suqian','宿迁','suqian'),
(3749,30,'suzhou','苏州','suzhou'),
(3750,30,'changzhou','常州','changzhou'),
(3751,30,'yancheng','盐城','yancheng'),
(3752,30,'lianyungang','连云港','lianyungang'),
(3753,30,'zhenjiang','镇江','zhenjiang'),
(3754,30,'nanjing','南京','nanjing'),
(3755,30,'nantong','南通','nantong'),
(3756,30,'xuzhou','徐州','xuzhou'),
(3757,30,'huaian','淮安','huaian'),
(3758,30,'yangzhou','扬州','yangzhou'),
(3759,30,'taizhou','泰州','taizhou'),
(3760,31,'sanmenxia','三门峡','sanmenxia'),
(3761,31,'anyang','安阳','anyang'),
(3762,31,'zhengzhou','郑州','zhengzhou'),
(3763,31,'xinyang','信阳','xinyang'),
(3764,31,'kaifeng','开封','kaifeng'),
(3765,31,'luoyang','洛阳','luoyang'),
(3766,31,'jiaozuo','焦作','jiaozuo'),
(3767,31,'nanyang','南阳','nanyang'),
(3768,31,'zhoukou','周口','zhoukou'),
(3769,31,'xinxiang','新乡','xinxiang'),
(3770,31,'zhumadian','驻马店','zhumadian'),
(3771,31,'pingdingshan','平顶山','pingdingshan'),
(3772,31,'hebi','鹤壁','hebi'),
(3773,31,'puyang','濮阳','puyang'),
(3774,31,'xuchang','许昌','xuchang'),
(3775,31,'luohe','漯河','luohe'),
(3776,31,'shangqiu','商丘','shangqiu'),
(3777,31,'jiyuan','济源','jiyuan'),
(3778,32,'pingxiang','萍乡','pingxiang'),
(3779,32,'shangrao','上饶','shangrao'),
(3780,32,'yichun','宜春','yichun'),
(3781,32,'ganzhou','赣州','ganzhou'),
(3782,32,'fuzhou','抚州','fuzhou'),
(3783,32,'jian','吉安','jian'),
(3784,32,'jingdezhen','景德镇','jingdezhen'),
(3785,32,'jiujiang','九江','jiujiang'),
(3786,32,'nanchang','南昌','nanchang'),
(3787,32,'xinyu','新余','xinyu'),
(3788,32,'yingtan','鹰潭','yingtan'),
(3789,33,'guiyang','贵阳','guiyang'),
(3790,33,'anshun','安顺','anshun'),
(3791,33,'bijie','毕节','bijie'),
(3792,33,'qiannan','黔南','qiannan'),
(3793,33,'qiandongnan','黔东南','qiandongnan'),
(3794,33,'tongren','铜仁','tongren'),
(3795,33,'qianxinan','黔西南','qianxinan'),
(3796,33,'zunyi','遵义','zunyi'),
(3797,33,'liupanshui','六盘水','liupanshui'),
(3798,34,'zhongsha','中沙','zhongsha'),
(3799,34,'zhanzhou','儋州','zhanzhou'),
(3800,34,'dongfang','东方','dongfang'),
(3801,34,'haikou','海口','haikou'),
(3802,34,'qionghai','琼海','qionghai'),
(3803,34,'sanya','三亚','sanya'),
(3804,34,'wenchang','文昌','wenchang'),
(3805,34,'wanning','万宁','wanning'),
(3806,34,'dingan','定安','dingan'),
(3807,34,'tunchang','屯昌','tunchang'),
(3808,34,'chengmai','澄迈','chengmai'),
(3809,34,'baisha','白沙','baisha'),
(3810,34,'lingao','临高','lingao'),
(3811,34,'lingshui','陵水','lingshui'),
(3812,34,'qiongzhong','琼中','qiongzhong'),
(3813,34,'baoting','保亭','baoting'),
(3814,34,'ledong','乐东','ledong'),
(3815,34,'changjiang','昌江','changjiang'),
(3816,34,'wuzhishan','五指山','wuzhishan'),
(3817,34,'xisha','西沙','xisha'),
(3818,34,'nansha','南沙','nansha'),
(3819,34,'sansha','三沙','sansha'),
(3820,35,'taibei','台北','taibei'),
(3821,35,'gaoxiong','高雄','gaoxiong'),
(3822,35,'taizhong','台中','taizhong'),
(3823,36,'beijing','北京','beijing'),
(3824,36,'beijing','西城','beijing'),
(3825,37,'chongqing','重庆','chongqing'),
(3826,37,'yuzhong','渝中','yuzhong'),
(3827,37,'nanan','南岸','nanan'),
(3828,37,'kaizhou','开州','kaizhou'),
(3829,37,'dadukou','大渡口','dadukou'),
(3830,37,'shapingba','沙坪坝','shapingba'),
(3831,37,'jiulongpo','九龙坡','jiulongpo'),
(3832,37,'jiangbei','江北','jiangbei'),
(3833,38,'heihe','黑河','heihe'),
(3834,38,'suihua','绥化','suihua'),
(3835,38,'shuangyashan','双鸭山','shuangyashan'),
(3836,38,'jiamusi','佳木斯','jiamusi'),
(3837,38,'haerbin','哈尔滨','haerbin'),
(3838,38,'jixi','鸡西','jixi'),
(3839,38,'daxinganling','大兴安岭','daxinganling'),
(3840,38,'qiqihaer','齐齐哈尔','qiqihaer'),
(3841,38,'mudanjiang','牡丹江','mudanjiang'),
(3842,38,'yichun','伊春','yichun'),
(3843,38,'daqing','大庆','daqing'),
(3844,38,'qitaihe','七台河','qitaihe'),
(3845,38,'hegang','鹤岗','hegang'),
(3846,39,'anshan','鞍山','anshan'),
(3847,39,'benxi','本溪','benxi'),
(3848,39,'chaoyang','朝阳','chaoyang'),
(3849,39,'dalian','大连','dalian'),
(3850,39,'dandong','丹东','dandong'),
(3851,39,'fushun','抚顺','fushun'),
(3852,39,'liaoyang','辽阳','liaoyang'),
(3853,39,'shenyang','沈阳','shenyang'),
(3854,39,'tieling','铁岭','tieling'),
(3855,39,'yingkou','营口','yingkou'),
(3856,39,'fuxin','阜新','fuxin'),
(3857,39,'jinzhou','锦州','jinzhou'),
(3858,39,'panjin','盘锦','panjin'),
(3859,39,'huludao','葫芦岛','huludao'),
(3860,40,'wuzhong','吴忠','wuzhong'),
(3861,40,'yinchuan','银川','yinchuan'),
(3862,40,'zhongwei','中卫','zhongwei'),
(3863,40,'shizuishan','石嘴山','shizuishan'),
(3864,40,'guyuan','固原','guyuan'),
(3865,41,'yantai','烟台','yantai'),
(3866,41,'heze','菏泽','heze'),
(3867,41,'binzhou','滨州','binzhou'),
(3868,41,'qingdao','青岛','qingdao'),
(3869,41,'jinan','济南','jinan'),
(3870,41,'dezhou','德州','dezhou'),
(3871,41,'rizhao','日照','rizhao'),
(3872,41,'weifang','潍坊','weifang'),
(3873,41,'liaocheng','聊城','liaocheng'),
(3874,41,'jining','济宁','jining'),
(3875,41,'zibo','淄博','zibo'),
(3876,41,'zaozhuang','枣庄','zaozhuang'),
(3877,41,'dongying','东营','dongying'),
(3878,41,'taian','泰安','taian'),
(3879,41,'weihai','威海','weihai'),
(3880,41,'laiwu','莱芜','laiwu'),
(3881,41,'linyi','临沂','linyi'),
(3882,42,'shanghai','上海','shanghai'),
(3883,42,'huangpu','黄浦','huangpu'),
(3884,42,'jingan','静安','jingan'),
(3885,42,'hongkou','虹口','hongkou'),
(3886,42,'yangpu','杨浦','yangpu'),
(3887,42,'putuo','普陀','putuo'),
(3888,42,'changning','长宁','changning'),
(3889,43,'aba','阿坝','aba'),
(3890,43,'ganzi','甘孜','ganzi'),
(3891,43,'chengdu','成都','chengdu'),
(3892,43,'dazhou','达州','dazhou'),
(3893,43,'leshan','乐山','leshan'),
(3894,43,'guangan','广安','guangan'),
(3895,43,'luzhou','泸州','luzhou'),
(3896,43,'liangshan','凉山','liangshan'),
(3897,43,'nanchong','南充','nanchong'),
(3898,43,'meishan','眉山','meishan'),
(3899,43,'mianyang','绵阳','mianyang'),
(3900,43,'neijiang','内江','neijiang'),
(3901,43,'yaan','雅安','yaan'),
(3902,43,'yibin','宜宾','yibin'),
(3903,43,'zigong','自贡','zigong'),
(3904,43,'panzhihua','攀枝花','panzhihua'),
(3905,43,'deyang','德阳','deyang'),
(3906,43,'guangyuan','广元','guangyuan'),
(3907,43,'suining','遂宁','suining'),
(3908,43,'bazhong','巴中','bazhong'),
(3909,43,'ziyang','资阳','ziyang'),
(3910,44,'tianjin','天津','tianjin'),
(3911,44,'heping','和平','heping'),
(3912,44,'hedong','河东','hedong'),
(3913,44,'nankai','南开','nankai'),
(3914,44,'hongqiao','红桥','hongqiao'),
(3915,44,'hexi','河西','hexi'),
(3916,44,'hebei','河北','hebei'),
(3917,45,'hongkong','香港','hongkong'),
(3918,46,'kunming','昆明','kunming'),
(3919,46,'baoshan','保山','baoshan'),
(3920,46,'chuxiong','楚雄','chuxiong'),
(3921,46,'dali','大理','dali'),
(3922,46,'diqing','迪庆','diqing'),
(3923,46,'lincang','临沧','lincang'),
(3924,46,'wenshan','文山','wenshan'),
(3925,46,'qujing','曲靖','qujing'),
(3926,46,'puer','普洱','puer'),
(3927,46,'xishuangbanna','西双版纳','xishuangbanna'),
(3928,46,'lijiang','丽江','lijiang'),
(3929,46,'honghe','红河','honghe'),
(3930,46,'dehong','德宏','dehong'),
(3931,46,'yuxi','玉溪','yuxi'),
(3932,46,'zhaotong','昭通','zhaotong'),
(3933,46,'nujiang','怒江','nujiang'),
(3934,47,'zhoushan','舟山','zhoushan'),
(3935,47,'jiaxing','嘉兴','jiaxing'),
(3936,47,'hangzhou','杭州','hangzhou'),
(3937,47,'huzhou','湖州','huzhou'),
(3938,47,'jinhua','金华','jinhua'),
(3939,47,'taizhou','台州','taizhou'),
(3940,47,'lishui','丽水','lishui'),
(3941,47,'quzhou','衢州','quzhou'),
(3942,47,'shaoxing','绍兴','shaoxing'),
(3943,47,'wenzhou','温州','wenzhou'),
(3944,47,'ningbo','宁波','ningbo');

/*Data for the table `county` */

insert  into `county`(`countyid`,`cityid`,`code`,`name`,`alilocationkey`) values 
(1,3554,'helin','和林','101080104'),
(2,3554,'huhehaote','呼和浩特','101080101'),
(3,3554,'qingshuihe','清水河','101080105'),
(4,3554,'wuchuan','武川','101080107'),
(5,3554,'tuzuoqi','土左旗','101080102'),
(6,3554,'saihan','赛罕','101080106'),
(7,3554,'tuoxian','托县','101080103'),
(8,3554,'xincheng','新城','101080108'),
(9,3554,'huimin','回民','101080109'),
(10,3554,'yuquan','玉泉','101080110'),
(11,3555,'tuyouqi','土右旗','101080204'),
(12,3555,'damaoqi','达茂旗','101080206'),
(13,3555,'guyang','固阳','101080205'),
(14,3555,'mandula','满都拉','101080203'),
(15,3555,'baotou','包头','101080201'),
(16,3555,'baiyunebo','白云鄂博','101080202'),
(17,3555,'xilamuren','希拉穆仁','101080207'),
(18,3555,'kundoulun','昆都仑','101080209'),
(19,3555,'qingshan','青山','101080210'),
(20,3555,'shiguai','石拐','101080211'),
(21,3555,'jiuyuan','九原','101080212'),
(22,3555,'donghe','东河','101080208'),
(23,3556,'chayouqianqi','察右前旗','101080408'),
(24,3556,'chayouzhongqi','察右中旗','101080409'),
(25,3556,'chayouhouqi','察右后旗','101080410'),
(26,3556,'huade','化德','101080403'),
(27,3556,'jining','集宁','101080401'),
(28,3556,'zhuozi','卓资','101080402'),
(29,3556,'shangdu','商都','101080404'),
(30,3556,'xinghe','兴和','101080406'),
(31,3556,'liangcheng','凉城','101080407'),
(32,3556,'siziwangqi','四子王旗','101080411'),
(33,3556,'fengzhen','丰镇','101080412'),
(34,3556,'wulanchabu','乌兰察布','101080405'),
(35,3557,'zhalute','扎鲁特','101080509'),
(36,3557,'bayaertuhushuo','巴雅尔吐胡硕','101080511'),
(37,3557,'tongliao','通辽','101080501'),
(38,3557,'shebotu','舍伯吐','101080502'),
(39,3557,'qinglongshan','青龙山','101080505'),
(40,3557,'kailu','开鲁','101080506'),
(41,3557,'kezuozhongqi','科左中旗','101080503'),
(42,3557,'naiman','奈曼','101080508'),
(43,3557,'kulun','库伦','101080507'),
(44,3557,'xinganmeng','兴安盟','101081108'),
(45,3557,'kezuohouqi','科左后旗','101080504'),
(46,3557,'huolinguole','霍林郭勒','101080512'),
(47,3558,'aluqi','阿鲁旗','101080603'),
(48,3558,'wengniute','翁牛特','101080609'),
(49,3558,'kalaqin','喀喇沁','101080611'),
(50,3558,'baoguotu','宝国吐','101080615'),
(51,3558,'aohan','敖汉','101080614'),
(52,3558,'chifeng','赤峰','101080601'),
(53,3558,'linxi','林西','101080607'),
(54,3558,'haoertu','浩尔吐','101080604'),
(55,3558,'balinzuoqi','巴林左旗','101080605'),
(56,3558,'balinyouqi','巴林右旗','101080606'),
(57,3558,'gangzi','岗子','101080610'),
(58,3558,'balihan','八里罕','101080612'),
(59,3558,'ningcheng','宁城','101080613'),
(60,3558,'keshiketeng','克什克腾','101080608'),
(61,3558,'yuanbaoshan','元宝山','101080616'),
(62,3558,'hongshan','红山','101080602'),
(63,3558,'songshan','松山','101080617'),
(64,3559,'chenqi','陈旗','101081007'),
(65,3559,'tulihe','图里河','101081016'),
(66,3559,'xiaoergou','小二沟','101081002'),
(67,3559,'hailaer','海拉尔','101081001'),
(68,3559,'arongqi','阿荣旗','101081003'),
(69,3559,'elunchunqi','鄂伦春旗','101081005'),
(70,3559,'ewenkeqi','鄂温克旗','101081006'),
(71,3559,'manzhouli','满洲里','101081010'),
(72,3559,'yakeshi','牙克石','101081011'),
(73,3559,'zhalantun','扎兰屯','101081012'),
(74,3559,'eerguna','额尔古纳','101081014'),
(75,3559,'genhe','根河','101081015'),
(76,3559,'molidawa','莫力达瓦','101081004'),
(77,3559,'xinzuoqi','新左旗','101081008'),
(78,3559,'xinyouqi','新右旗','101081009'),
(79,3559,'hulunbeier','呼伦贝尔','101081013'),
(80,3559,'zhalainuoer','扎赉诺尔','101081017'),
(81,3560,'bayannuorigong','巴彦诺日公','101081209'),
(82,3560,'guanzihu','拐子湖','101081204'),
(83,3560,'xilingaole','锡林高勒','101081206'),
(84,3560,'toudaohu','头道湖','101081207'),
(85,3560,'zhongquanzi','中泉子','101081208'),
(86,3560,'jilantai','吉兰太','101081205'),
(87,3560,'ejina','额济纳','101081203'),
(88,3560,'yabulai','雅布赖','101081210'),
(89,3560,'ayouqi','阿右旗','101081202'),
(90,3560,'azuoqi','阿左旗','101081201'),
(91,3560,'luanjingtan','孪井滩','101081212'),
(92,3560,'wusitai','乌斯太','101081211'),
(93,3560,'alashanmeng','阿拉善盟','101081213'),
(94,3561,'aershan','阿尔山','101081102'),
(95,3561,'wulanhaote','乌兰浩特','101081101'),
(96,3561,'huerle','胡尔勒','101081104'),
(97,3561,'keerqin','科尔沁','101080510'),
(98,3561,'tuquan','突泉','101081107'),
(99,3561,'suolun','索伦','101081106'),
(100,3561,'zhanlaite','扎赉特','101081105'),
(101,3561,'keyouqianqi','科右前旗','101081109'),
(102,3561,'keyouzhongqi','科右中旗','101081103'),
(103,3562,'dongsheng','东胜','101080713'),
(104,3562,'eerduosi','鄂尔多斯','101080701'),
(105,3562,'henan','河南','101080706'),
(106,3562,'yihewusu','伊和乌素','101080707'),
(107,3562,'hangjinqi','杭锦旗','101080709'),
(108,3562,'wushenqi','乌审旗','101080710'),
(109,3562,'wushenzhao','乌审召','101080712'),
(110,3562,'dalate','达拉特','101080703'),
(111,3562,'zhungeer','准格尔','101080704'),
(112,3562,'etuoke','鄂托克','101080708'),
(113,3562,'yijinhuoluo','伊金霍洛','101080711'),
(114,3562,'eqianqi','鄂前旗','101080705'),
(115,3563,'duolun','多伦','101080915'),
(116,3563,'erlianhaote','二连浩特','101080903'),
(117,3563,'zhurihe','朱日和','101080908'),
(118,3563,'xilinhaote','锡林浩特','101080901'),
(119,3563,'xianghuang','镶黄旗','101080912'),
(120,3563,'zhenglanqi','正蓝旗','101080914'),
(121,3563,'boketu','博克图','101080916'),
(122,3563,'wulagai','乌拉盖','101080917'),
(123,3563,'zhengxiangbaiqi','正镶白旗','101080913'),
(124,3563,'abaga','阿巴嘎','101080904'),
(125,3563,'taipusiqi','太仆寺','101080911'),
(126,3563,'dongwuqi','东乌旗','101080909'),
(127,3563,'suyouqi','苏右旗','101080907'),
(128,3563,'xiwuqi','西乌旗','101080910'),
(129,3563,'suzuoqi','苏左旗','101080906'),
(130,3563,'xilinguole','锡林郭勒','101080902'),
(131,3564,'hailisu','海力素','101080808'),
(132,3564,'linhe','临河','101080801'),
(133,3564,'wuyuan','五原','101080802'),
(134,3564,'dengkou','磴口','101080803'),
(135,3564,'dashetai','大佘太','101080805'),
(136,3564,'hangjinhouqi','杭锦后旗','101080810'),
(137,3564,'narenbaolige','那仁宝力格','101080809'),
(138,3564,'wuhouqi','乌后旗','101080807'),
(139,3564,'wuqianqi','乌前旗','101080804'),
(140,3564,'wuzhongqi','乌中旗','101080806'),
(141,3564,'bayannaoer','巴彦淖尔','101080811'),
(142,3565,'wuhai','乌海','101080301'),
(143,3565,'wuda','乌达','101080304'),
(144,3565,'haibowan','海勃湾','101080302'),
(145,3565,'hainan','海南','101080303'),
(146,3566,'licheng','荔城','101230406'),
(147,3566,'hanjiang','涵江','101230404'),
(148,3566,'putian','莆田','101230401'),
(149,3566,'xianyou','仙游','101230402'),
(150,3566,'xiuyu','秀屿','101230405'),
(151,3566,'chengxiang','城厢','101230407'),
(152,3566,'xiuyugang','秀屿港','101230403'),
(153,3567,'huian','惠安','101230508'),
(154,3567,'quanzhou','泉州','101230501'),
(155,3567,'anxi','安溪','101230502'),
(156,3567,'dehua','德化','101230505'),
(157,3567,'nanan','南安','101230506'),
(158,3567,'chongwu','崇武','101230507'),
(159,3567,'yongchun','永春','101230504'),
(160,3567,'shishi','石狮','101230510'),
(161,3567,'jinjiang','晋江','101230509'),
(162,3567,'jinmen','金门','101230503'),
(163,3567,'licheng','鲤城','101230511'),
(164,3567,'fengze','丰泽','101230512'),
(165,3567,'luojiang','洛江','101230513'),
(166,3567,'quangang','泉港','101230514'),
(167,3568,'changting','长汀','101230702'),
(168,3568,'zhangping','漳平','101230707'),
(169,3568,'longyan','龙岩','101230701'),
(170,3568,'liancheng','连城','101230703'),
(171,3568,'wuping','武平','101230704'),
(172,3568,'shanghang','上杭','101230705'),
(173,3568,'yongding','永定','101230706'),
(174,3568,'xinluo','新罗','101230708'),
(175,3569,'fuding','福鼎','101230308'),
(176,3569,'ningde','宁德','101230301'),
(177,3569,'gutian','古田','101230302'),
(178,3569,'xiapu','霞浦','101230303'),
(179,3569,'shouning','寿宁','101230304'),
(180,3569,'zhouning','周宁','101230305'),
(181,3569,'fuan','福安','101230306'),
(182,3569,'zherong','柘荣','101230307'),
(183,3569,'pingnan','屏南','101230309'),
(184,3569,'jiaocheng','蕉城','101230310'),
(185,3570,'fuzhou','福州','101230101'),
(186,3570,'minqing','闽清','101230102'),
(187,3570,'pingtan','平潭','101230108'),
(188,3570,'minhou','闽侯','101230103'),
(189,3570,'luoyuan','罗源','101230104'),
(190,3570,'lianjiang','连江','101230105'),
(191,3570,'yongtai','永泰','101230107'),
(192,3570,'changle','长乐','101230110'),
(193,3570,'fuqing','福清','101230111'),
(194,3570,'gulou','鼓楼','101230106'),
(195,3570,'taijiang','台江','101230109'),
(196,3570,'cangshan','仓山','101230112'),
(197,3570,'mawei','马尾','101230113'),
(198,3570,'jinan','晋安','101230114'),
(199,3571,'nanping','南平','101230901'),
(200,3571,'pucheng','浦城','101230906'),
(201,3571,'shaowu','邵武','101230904'),
(202,3571,'wuyishan','武夷山','101230905'),
(203,3571,'shunchang','顺昌','101230902'),
(204,3571,'guangze','光泽','101230903'),
(205,3571,'jianyang','建阳','101230907'),
(206,3571,'songxi','松溪','101230908'),
(207,3571,'zhenghe','政和','101230909'),
(208,3571,'jianou','建瓯','101230910'),
(209,3571,'yanping','延平','101230911'),
(210,3572,'xiamen','厦门','101230201'),
(211,3572,'tongan','同安','101230202'),
(212,3572,'siming','思明','101230203'),
(213,3572,'haicang','海沧','101230204'),
(214,3572,'jimei','集美','101230206'),
(215,3572,'xiangan','翔安','101230207'),
(216,3572,'huli','湖里','101230205'),
(217,3573,'yongan','永安','101230810'),
(218,3573,'sanming','三明','101230801'),
(219,3573,'ninghua','宁化','101230802'),
(220,3573,'qingliu','清流','101230803'),
(221,3573,'taining','泰宁','101230804'),
(222,3573,'jiangle','将乐','101230805'),
(223,3573,'jianning','建宁','101230806'),
(224,3573,'mingxi','明溪','101230807'),
(225,3573,'shaxian','沙县','101230808'),
(226,3573,'youxi','尤溪','101230809'),
(227,3573,'datian','大田','101230811'),
(228,3573,'meilie','梅列','101230812'),
(229,3573,'sanyuan','三元','101230813'),
(230,3574,'zhangzhou','漳州','101230601'),
(231,3574,'changtai','长泰','101230602'),
(232,3574,'nanjing','南靖','101230603'),
(233,3574,'pinghe','平和','101230604'),
(234,3574,'longhai','龙海','101230605'),
(235,3574,'zhangpu','漳浦','101230606'),
(236,3574,'zhaoan','诏安','101230607'),
(237,3574,'dongshan','东山','101230608'),
(238,3574,'yunxiao','云霄','101230609'),
(239,3574,'huaan','华安','101230610'),
(240,3574,'longwen','龙文','101230612'),
(241,3574,'xiangcheng','芗城','101230611'),
(242,3575,'diaoyudao','钓鱼岛','101231001'),
(243,3576,'pingchuan','平川','101161304'),
(244,3576,'baiyin','白银','101161301'),
(245,3576,'jingyuan','靖远','101161302'),
(246,3576,'huining','会宁','101161303'),
(247,3576,'jingtai','景泰','101161305'),
(248,3577,'jiayuguan','嘉峪关','101161401'),
(249,3578,'dingxi','定西','101160201'),
(250,3578,'tongwei','通渭','101160202'),
(251,3578,'longxi','陇西','101160203'),
(252,3578,'weiyuan','渭源','101160204'),
(253,3578,'lintao','临洮','101160205'),
(254,3578,'zhangxian','漳县','101160206'),
(255,3578,'minxian','岷县','101160207'),
(256,3578,'anding','安定','101160208'),
(257,3579,'dunhuang','敦煌','101160808'),
(258,3579,'jiuquan','酒泉','101160801'),
(259,3579,'jinta','金塔','101160803'),
(260,3579,'guazhou','瓜州','101160805'),
(261,3579,'subei','肃北','101160806'),
(262,3579,'yumen','玉门','101160807'),
(263,3579,'akesai','阿克塞','101160804'),
(264,3579,'suzhou','肃州','101160802'),
(265,3580,'gangu','甘谷','101160905'),
(266,3580,'tianshui','天水','101160901'),
(267,3580,'maiji','麦积','101160908'),
(268,3580,'qingshui','清水','101160903'),
(269,3580,'qinan','秦安','101160904'),
(270,3580,'wushan','武山','101160906'),
(271,3580,'zhangjiachuan','张家川','101160907'),
(272,3580,'qinzhou','秦州','101160902'),
(273,3581,'hezuo','合作','101161201'),
(274,3581,'lintan','临潭','101161202'),
(275,3581,'zhuoni','卓尼','101161203'),
(276,3581,'zhouqu','舟曲','101161204'),
(277,3581,'diebu','迭部','101161205'),
(278,3581,'maqu','玛曲','101161206'),
(279,3581,'luqu','碌曲','101161207'),
(280,3581,'xiahe','夏河','101161208'),
(281,3581,'gannan','甘南','101161209'),
(282,3582,'lanzhou','兰州','101160101'),
(283,3582,'gaolan','皋兰','101160102'),
(284,3582,'yongdeng','永登','101160103'),
(285,3582,'yuzhong','榆中','101160104'),
(286,3582,'qilihe','七里河','101160106'),
(287,3582,'xigu','西固','101160107'),
(288,3582,'anning','安宁','101160108'),
(289,3582,'honggu','红古','101160109'),
(290,3582,'chengguan','城关','101160105'),
(291,3583,'minqin','民勤','101160502'),
(292,3583,'wuwei','武威','101160501'),
(293,3583,'gulang','古浪','101160503'),
(294,3583,'tianzhu','天祝','101160505'),
(295,3583,'liangzhou','凉州','101160504'),
(296,3584,'pingliang','平凉','101160301'),
(297,3584,'jingchuan','泾川','101160302'),
(298,3584,'lingtai','灵台','101160303'),
(299,3584,'chongxin','崇信','101160304'),
(300,3584,'huating','华亭','101160305'),
(301,3584,'zhuanglang','庄浪','101160306'),
(302,3584,'jingning','静宁','101160307'),
(303,3584,'kongtong','崆峒','101160308'),
(304,3585,'wudu','武都','101161001'),
(305,3585,'chengxian','成县','101161002'),
(306,3585,'wenxian','文县','101161003'),
(307,3585,'dangchang','宕昌','101161004'),
(308,3585,'kangxian','康县','101161005'),
(309,3585,'xihe','西和','101161006'),
(310,3585,'lixian','礼县','101161007'),
(311,3585,'huixian','徽县','101161008'),
(312,3585,'liangdang','两当','101161009'),
(313,3585,'longnan','陇南','101161010'),
(314,3586,'zhangye','张掖','101160701'),
(315,3586,'minle','民乐','101160703'),
(316,3586,'linze','临泽','101160704'),
(317,3586,'gaotai','高台','101160705'),
(318,3586,'shandan','山丹','101160706'),
(319,3586,'sunan','肃南','101160702'),
(320,3586,'ganzhou','甘州','101160707'),
(321,3587,'jinchang','金昌','101160601'),
(322,3587,'yongchang','永昌','101160602'),
(323,3587,'jinchuan','金川','101160603'),
(324,3588,'qingyang','庆阳','101160401'),
(325,3588,'huanxian','环县','101160403'),
(326,3588,'huachi','华池','101160404'),
(327,3588,'heshui','合水','101160405'),
(328,3588,'zhengning','正宁','101160406'),
(329,3588,'ningxian','宁县','101160407'),
(330,3588,'zhenyuan','镇原','101160408'),
(331,3588,'qingcheng','庆城','101160409'),
(332,3588,'xifeng','西峰','101160402'),
(333,3589,'linxia','临夏','101161101'),
(334,3589,'kangle','康乐','101161102'),
(335,3589,'yongjing','永靖','101161103'),
(336,3589,'guanghe','广河','101161104'),
(337,3589,'hezheng','和政','101161105'),
(338,3589,'dongxiang','东乡','101161106'),
(339,3589,'jishishan','积石山','101161107'),
(340,3590,'jinwan','金湾','101280703'),
(341,3590,'zhuhai','珠海','101280701'),
(342,3590,'doumen','斗门','101280702'),
(343,3590,'xiangzhou','香洲','101280704'),
(344,3591,'gaoming','高明','101280804'),
(345,3591,'foshan','佛山','101280800'),
(346,3591,'shunde','顺德','101280801'),
(347,3591,'sanshui','三水','101280802'),
(348,3591,'nanhai','南海','101280803'),
(349,3591,'chancheng','禅城','101280805'),
(350,3592,'chikan','赤坎','101281006'),
(351,3592,'potou','坡头','101281008'),
(352,3592,'xuwen','徐闻','101281004'),
(353,3592,'zhanjiang','湛江','101281001'),
(354,3592,'wuchuan','吴川','101281002'),
(355,3592,'leizhou','雷州','101281003'),
(356,3592,'lianjiang','廉江','101281005'),
(357,3592,'suixi','遂溪','101281007'),
(358,3592,'xiashan','霞山','101281009'),
(359,3592,'mazhang','麻章','101281010'),
(360,3593,'qingxin','清新','101281308'),
(361,3593,'fogang','佛冈','101281306'),
(362,3593,'lianzhou','连州','101281303'),
(363,3593,'qingyuan','清远','101281301'),
(364,3593,'liannan','连南','101281302'),
(365,3593,'lianshan','连山','101281304'),
(366,3593,'yangshan','阳山','101281305'),
(367,3593,'yingde','英德','101281307'),
(368,3593,'qingcheng','清城','101281309'),
(369,3594,'yunan','云安','101281406'),
(370,3594,'yunfu','云浮','101281401'),
(371,3594,'luoding','罗定','101281402'),
(372,3594,'xinxing','新兴','101281403'),
(373,3594,'yunan','郁南','101281404'),
(374,3594,'yuncheng','云城','101281405'),
(375,3595,'chaoan','潮安','101281503'),
(376,3595,'chaozhou','潮州','101281501'),
(377,3595,'raoping','饶平','101281502'),
(378,3595,'xiangqiao','湘桥','101281504'),
(379,3596,'maogang','茂港','101282006'),
(380,3596,'gaozhou','高州','101282002'),
(381,3596,'xinyi','信宜','101282005'),
(382,3596,'maoming','茂名','101282001'),
(383,3596,'huazhou','化州','101282003'),
(384,3596,'dianbai','电白','101282004'),
(385,3596,'maonan','茂南','101282007'),
(386,3597,'luhe','陆河','101282104'),
(387,3597,'shanwei','汕尾','101282101'),
(388,3597,'haifeng','海丰','101282102'),
(389,3597,'lufeng','陆丰','101282103'),
(390,3598,'zhaoqing','肇庆','101280901'),
(391,3598,'guangning','广宁','101280902'),
(392,3598,'sihui','四会','101280903'),
(393,3598,'deqing','德庆','101280905'),
(394,3598,'huaiji','怀集','101280906'),
(395,3598,'fengkai','封开','101280907'),
(396,3598,'gaoyao','高要','101280908'),
(397,3598,'dinghu','鼎湖','101280909'),
(398,3598,'duanzhou','端州','101280904'),
(399,3599,'guangzhou','广州','101280101'),
(400,3599,'panyu','番禺','101280102'),
(401,3599,'conghua','从化','101280103'),
(402,3599,'zengcheng','增城','101280104'),
(403,3599,'huadu','花都','101280105'),
(404,3599,'liwan','荔湾','101280106'),
(405,3599,'yuexiu','越秀','101280107'),
(406,3599,'haizhu','海珠','101280108'),
(407,3599,'tianhe','天河','101280109'),
(408,3599,'baiyun','白云','101280110'),
(409,3599,'huangpu','黄埔','101280111'),
(410,3599,'nansha','南沙','101280112'),
(411,3600,'heyuan','河源','101281201'),
(412,3600,'lianping','连平','101281203'),
(413,3600,'zijin','紫金','101281202'),
(414,3600,'heping','和平','101281204'),
(415,3600,'longchuan','龙川','101281205'),
(416,3600,'dongyuan','东源','101281206'),
(417,3600,'yuancheng','源城','101281207'),
(418,3601,'huizhou','惠州','101280301'),
(419,3601,'boluo','博罗','101280302'),
(420,3601,'huidong','惠东','101280304'),
(421,3601,'longmen','龙门','101280305'),
(422,3601,'huiyang','惠阳','101280303'),
(423,3601,'huicheng','惠城','101280306'),
(424,3602,'jiangmen','江门','101281101'),
(425,3602,'kaiping','开平','101281103'),
(426,3602,'xinhui','新会','101281104'),
(427,3602,'enping','恩平','101281105'),
(428,3602,'taishan','台山','101281106'),
(429,3602,'jianghai','江海','101281109'),
(430,3602,'heshan','鹤山','101281108'),
(431,3602,'pengjiang','蓬江','101281107'),
(432,3603,'meizhou','梅州','101280401'),
(433,3603,'xingning','兴宁','101280402'),
(434,3603,'jiaoling','蕉岭','101280403'),
(435,3603,'dabu','大埔','101280404'),
(436,3603,'fengshun','丰顺','101280406'),
(437,3603,'pingyuan','平远','101280407'),
(438,3603,'wuhua','五华','101280408'),
(439,3603,'meixian','梅县','101280409'),
(440,3603,'meijiang','梅江','101280405'),
(441,3604,'shantou','汕头','101280501'),
(442,3604,'chaoyang','潮阳','101280502'),
(443,3604,'chenghai','澄海','101280503'),
(444,3604,'nanao','南澳','101280504'),
(445,3604,'longhu','龙湖','101280505'),
(446,3604,'jinping','金平','101280506'),
(447,3604,'chaonan','潮南','101280508'),
(448,3604,'haojiang','濠江','101280507'),
(449,3605,'shaoguan','韶关','101280201'),
(450,3605,'ruyuan','乳源','101280202'),
(451,3605,'shixing','始兴','101280203'),
(452,3605,'wengyuan','翁源','101280204'),
(453,3605,'lechang','乐昌','101280205'),
(454,3605,'renhua','仁化','101280206'),
(455,3605,'nanxiong','南雄','101280207'),
(456,3605,'xinfeng','新丰','101280208'),
(457,3605,'qujiang','曲江','101280209'),
(458,3605,'zhenjiang','浈江','101280210'),
(459,3605,'wujiang','武江','101280211'),
(460,3606,'shenzhen','深圳','101280601'),
(461,3606,'luohu','罗湖','101280602'),
(462,3606,'futian','福田','101280603'),
(463,3606,'baoan','宝安','101280605'),
(464,3606,'yantian','盐田','101280607'),
(465,3606,'nanshan','南山','101280604'),
(466,3606,'longgang','龙岗','101280606'),
(467,3607,'yangjiang','阳江','101281801'),
(468,3607,'yangchun','阳春','101281802'),
(469,3607,'yangdong','阳东','101281803'),
(470,3607,'yangxi','阳西','101281804'),
(471,3607,'jiangcheng','江城','101281805'),
(472,3608,'dongguan','东莞','101281601'),
(473,3609,'zhongshan','中山','101281701'),
(474,3610,'jieyang','揭阳','101281901'),
(475,3610,'jiexi','揭西','101281902'),
(476,3610,'puning','普宁','101281903'),
(477,3610,'huilai','惠来','101281904'),
(478,3610,'jiedong','揭东','101281905'),
(479,3610,'rongcheng','榕城','101281906'),
(480,3611,'tuanfeng','团风','101200510'),
(481,3611,'macheng','麻城','101200503'),
(482,3611,'huanggang','黄冈','101200501'),
(483,3611,'hongan','红安','101200502'),
(484,3611,'luotian','罗田','101200504'),
(485,3611,'yingshan','英山','101200505'),
(486,3611,'qichun','蕲春','101200507'),
(487,3611,'huangmei','黄梅','101200508'),
(488,3611,'wuxue','武穴','101200509'),
(489,3611,'xishui','浠水','101200506'),
(490,3611,'huangzhou','黄州','101200511'),
(491,3612,'tieshan','铁山','101200604'),
(492,3612,'xialu','下陆','101200605'),
(493,3612,'huangshi','黄石','101200601'),
(494,3612,'daye','大冶','101200602'),
(495,3612,'yangxin','阳新','101200603'),
(496,3612,'xisaishan','西塞山','101200606'),
(497,3612,'huangshigang','黄石港','101200607'),
(498,3613,'maojian','茅箭','101201108'),
(499,3613,'zhangwan','张湾','101201109'),
(500,3613,'fangxian','房县','101201106'),
(501,3613,'shiyan','十堰','101201101'),
(502,3613,'zhuxi','竹溪','101201102'),
(503,3613,'yunxi','郧西','101201103'),
(504,3613,'yunyang','郧阳','101201104'),
(505,3613,'zhushan','竹山','101201105'),
(506,3613,'danjiangkou','丹江口','101201107'),
(507,3614,'duodao','掇刀','101201404'),
(508,3614,'shayang','沙洋','101201405'),
(509,3614,'zhongxiang','钟祥','101201402'),
(510,3614,'jingmen','荆门','101201401'),
(511,3614,'jingshan','京山','101201403'),
(512,3615,'enshi','恩施','101201001'),
(513,3615,'lichuan','利川','101201002'),
(514,3615,'jianshi','建始','101201003'),
(515,3615,'xianfeng','咸丰','101201004'),
(516,3615,'xuanen','宣恩','101201005'),
(517,3615,'hefeng','鹤峰','101201006'),
(518,3615,'laifeng','来凤','101201007'),
(519,3615,'badong','巴东','101201008'),
(520,3616,'laohekou','老河口','101200206'),
(521,3616,'zaoyang','枣阳','101200208'),
(522,3616,'xiangyang','襄阳','101200201'),
(523,3616,'baokang','保康','101200203'),
(524,3616,'nanzhang','南漳','101200204'),
(525,3616,'yicheng','宜城','101200205'),
(526,3616,'gucheng','谷城','101200207'),
(527,3616,'xiangzhou','襄州','101200202'),
(528,3616,'fancheng','樊城','101200210'),
(529,3616,'xiangcheng','襄城','101200209'),
(530,3617,'huangpi','黄陂','101200103'),
(531,3617,'wuhan','武汉','101200101'),
(532,3617,'caidian','蔡甸','101200102'),
(533,3617,'xinzhou','新洲','101200104'),
(534,3617,'jiangxia','江夏','101200105'),
(535,3617,'dongxihu','东西湖','101200106'),
(536,3617,'jianghan','江汉','101200108'),
(537,3617,'qingshan','青山','101200112'),
(538,3617,'hongshan','洪山','101200113'),
(539,3617,'jiangan','江岸','101200107'),
(540,3617,'qiaokou','硚口','101200109'),
(541,3617,'hanyang','汉阳','101200110'),
(542,3617,'wuchang','武昌','101200111'),
(543,3617,'hannan','汉南','101200114'),
(544,3618,'jiangling','江陵','101200802'),
(545,3618,'dongbao','东宝','101201406'),
(546,3618,'jingzhou','荆州','101200801'),
(547,3618,'gongan','公安','101200803'),
(548,3618,'shishou','石首','101200804'),
(549,3618,'jianli','监利','101200805'),
(550,3618,'honghu','洪湖','101200806'),
(551,3618,'songzi','松滋','101200807'),
(552,3618,'shashi','沙市','101200808'),
(553,3619,'yichang','宜昌','101200901'),
(554,3619,'yuanan','远安','101200902'),
(555,3619,'zigui','秭归','101200903'),
(556,3619,'xingshan','兴山','101200904'),
(557,3619,'wufeng','五峰','101200906'),
(558,3619,'dangyang','当阳','101200907'),
(559,3619,'changyang','长阳','101200908'),
(560,3619,'yidu','宜都','101200909'),
(561,3619,'sanxia','三峡','101200911'),
(562,3619,'zhijiang','枝江','101200910'),
(563,3619,'yiling','夷陵','101200912'),
(564,3619,'xiling','西陵','101200905'),
(565,3619,'dianjun','点军','101200914'),
(566,3619,'xiaoting','猇亭','101200915'),
(567,3619,'wujiagang','伍家岗','101200913'),
(568,3620,'ezhou','鄂州','101200301'),
(569,3620,'liangzihu','梁子湖','101200302'),
(570,3620,'huarong','华容','101200303'),
(571,3620,'echeng','鄂城','101200304'),
(572,3621,'xiaogan','孝感','101200401'),
(573,3621,'anlu','安陆','101200402'),
(574,3621,'yunmeng','云梦','101200403'),
(575,3621,'dawu','大悟','101200404'),
(576,3621,'yingcheng','应城','101200405'),
(577,3621,'hanchuan','汉川','101200406'),
(578,3621,'xiaochang','孝昌','101200407'),
(579,3621,'xiaonan','孝南','101200408'),
(580,3622,'xianning','咸宁','101200701'),
(581,3622,'chibi','赤壁','101200702'),
(582,3622,'jiayu','嘉鱼','101200703'),
(583,3622,'chongyang','崇阳','101200704'),
(584,3622,'tongshan','通山','101200706'),
(585,3622,'tongcheng','通城','101200705'),
(586,3622,'xianan','咸安','101200707'),
(587,3623,'suizhou','随州','101201301'),
(588,3623,'guangshui','广水','101201302'),
(589,3623,'zengdou','曾都','101201303'),
(590,3623,'suixian','随县','101201304'),
(591,3624,'shennongjia','神农架','101201201'),
(592,3625,'xiantao','仙桃','101201601'),
(593,3626,'tianmen','天门','101201501'),
(594,3627,'qianjiang','潜江','101201701'),
(595,3628,'lvyuan','绿园','101060111'),
(596,3628,'nanguan','南关','101060108'),
(597,3628,'erdao','二道','101060107'),
(598,3628,'changchun','长春','101060101'),
(599,3628,'jiutai','九台','101060104'),
(600,3628,'nongan','农安','101060102'),
(601,3628,'dehui','德惠','101060103'),
(602,3628,'shuangyang','双阳','101060106'),
(603,3628,'yushu','榆树','101060105'),
(604,3628,'kuancheng','宽城','101060109'),
(605,3628,'chaoyang','朝阳','101060110'),
(606,3629,'fusong','抚松','101060906'),
(607,3629,'changbai','长白','101060905'),
(608,3629,'linjiang','临江','101060903'),
(609,3629,'baishan','白山','101060901'),
(610,3629,'jingyu','靖宇','101060902'),
(611,3629,'donggang','东岗','101060904'),
(612,3629,'jiangyuan','江源','101060907'),
(613,3629,'hunjiang','浑江','101060908'),
(614,3630,'longtan','龙潭','101060208'),
(615,3630,'chuanying','船营','101060209'),
(616,3630,'fengman','丰满','101060210'),
(617,3630,'huadian','桦甸','101060206'),
(618,3630,'jilin','吉林','101060201'),
(619,3630,'shulan','舒兰','101060202'),
(620,3630,'yongji','永吉','101060203'),
(621,3630,'jiaohe','蛟河','101060204'),
(622,3630,'panshi','磐石','101060205'),
(623,3630,'changyi','昌邑','101060207'),
(624,3631,'changling','长岭','101060804'),
(625,3631,'songyuan','松原','101060801'),
(626,3631,'qianan','乾安','101060802'),
(627,3631,'fuyu','扶余','101060805'),
(628,3631,'qianguo','前郭','101060803'),
(629,3631,'ningjiang','宁江','101060806'),
(630,3632,'dunhua','敦化','101060302'),
(631,3632,'yanji','延吉','101060301'),
(632,3632,'antu','安图','101060303'),
(633,3632,'wangqing','汪清','101060304'),
(634,3632,'helong','和龙','101060305'),
(635,3632,'longjing','龙井','101060307'),
(636,3632,'hunchun','珲春','101060308'),
(637,3632,'tumen','图们','101060309'),
(638,3632,'yanbian','延边','101060306'),
(639,3633,'siping','四平','101060401'),
(640,3633,'shuangliao','双辽','101060402'),
(641,3633,'lishu','梨树','101060403'),
(642,3633,'gongzhuling','公主岭','101060404'),
(643,3633,'yitong','伊通','101060405'),
(644,3633,'tiexi','铁西','101060406'),
(645,3633,'tiedong','铁东','101060407'),
(646,3634,'liaoyuan','辽源','101060701'),
(647,3634,'dongfeng','东丰','101060702'),
(648,3634,'dongliao','东辽','101060703'),
(649,3634,'longshan','龙山','101060704'),
(650,3634,'xian','西安','101060705'),
(651,3635,'tonghua','通化','101060501'),
(652,3635,'meihekou','梅河口','101060502'),
(653,3635,'liuhe','柳河','101060503'),
(654,3635,'huinan','辉南','101060504'),
(655,3635,'tonghuaxian','通化县','101060506'),
(656,3635,'jian','集安','101060505'),
(657,3635,'erdaojiang','二道江','101060508'),
(658,3635,'dongchang','东昌','101060507'),
(659,3636,'baicheng','白城','101060601'),
(660,3636,'taonan','洮南','101060602'),
(661,3636,'daan','大安','101060603'),
(662,3636,'zhenlai','镇赉','101060604'),
(663,3636,'tongyu','通榆','101060605'),
(664,3636,'taobei','洮北','101060606'),
(665,3637,'qingyuan','清苑','101090224'),
(666,3637,'boye','博野','101090225'),
(667,3637,'baoding','保定','101090201'),
(668,3637,'dingzhou','定州','101090219'),
(669,3637,'zhuozhou','涿州','101090218'),
(670,3637,'mancheng','满城','101090202'),
(671,3637,'fuping','阜平','101090203'),
(672,3637,'xushui','徐水','101090204'),
(673,3637,'tangxian','唐县','101090205'),
(674,3637,'gaoyang','高阳','101090206'),
(675,3637,'rongcheng','容城','101090207'),
(676,3637,'laiyuan','涞源','101090209'),
(677,3637,'wangdu','望都','101090210'),
(678,3637,'yixian','易县','101090212'),
(679,3637,'quyang','曲阳','101090214'),
(680,3637,'lixian','蠡县','101090215'),
(681,3637,'shunping','顺平','101090216'),
(682,3637,'anguo','安国','101090220'),
(683,3637,'gaobeidian','高碑店','101090221'),
(684,3637,'anxin','安新','101090211'),
(685,3637,'laishui','涞水','101090222'),
(686,3637,'dingxing','定兴','101090223'),
(687,3637,'lianchi','莲池','101090213'),
(688,3637,'jingxiu','竞秀','101090208'),
(689,3638,'cangxian','沧县','101090716'),
(690,3638,'botou','泊头','101090711'),
(691,3638,'cangzhou','沧州','101090701'),
(692,3638,'qingxian','青县','101090702'),
(693,3638,'dongguang','东光','101090703'),
(694,3638,'haixing','海兴','101090704'),
(695,3638,'yanshan','盐山','101090705'),
(696,3638,'suning','肃宁','101090706'),
(697,3638,'nanpi','南皮','101090707'),
(698,3638,'wuqiao','吴桥','101090708'),
(699,3638,'xianxian','献县','101090709'),
(700,3638,'mengcun','孟村','101090710'),
(701,3638,'renqiu','任丘','101090712'),
(702,3638,'huanghua','黄骅','101090713'),
(703,3638,'hejian','河间','101090714'),
(704,3638,'xinhua','新华','101090715'),
(705,3638,'yunhe','运河','101090717'),
(706,3639,'chengde','承德','101090402'),
(707,3639,'fengning','丰宁','101090408'),
(708,3639,'weichang','围场','101090410'),
(709,3639,'chengdexian','承德县','101090403'),
(710,3639,'xinglong','兴隆','101090404'),
(711,3639,'pingquan','平泉','101090405'),
(712,3639,'luanping','滦平','101090406'),
(713,3639,'longhua','隆化','101090407'),
(714,3639,'kuancheng','宽城','101090409'),
(715,3639,'yingshouyingzikuang','鹰手营子矿','101090412'),
(716,3639,'shuangluan','双滦','101090411'),
(717,3639,'shuangqiao','双桥','101090401'),
(718,3640,'gaoyi','高邑','101090107'),
(719,3640,'shijiazhuang','石家庄','101090101'),
(720,3640,'zhengding','正定','101090103'),
(721,3640,'jingxing','井陉','101090102'),
(722,3640,'luancheng','栾城','101090104'),
(723,3640,'xingtang','行唐','101090105'),
(724,3640,'lingshou','灵寿','101090106'),
(725,3640,'shenze','深泽','101090108'),
(726,3640,'zanhuang','赞皇','101090109'),
(727,3640,'wuji','无极','101090110'),
(728,3640,'pingshan','平山','101090111'),
(729,3640,'yuanshi','元氏','101090112'),
(730,3640,'zhaoxian','赵县','101090113'),
(731,3640,'xinji','辛集','101090114'),
(732,3640,'gaocheng','藁城','101090115'),
(733,3640,'jinzhou','晋州','101090116'),
(734,3640,'xinle','新乐','101090117'),
(735,3640,'luquan','鹿泉','101090118'),
(736,3640,'changan','长安','101090119'),
(737,3640,'qiaoxi','桥西','101090120'),
(738,3641,'huailai','怀来','101090311'),
(739,3641,'yuxian','蔚县','101090307'),
(740,3641,'zhangjiakou','张家口','101090301'),
(741,3641,'xuanhua','宣化','101090302'),
(742,3641,'zhangbei','张北','101090303'),
(743,3641,'kangbao','康保','101090304'),
(744,3641,'guyuan','沽源','101090305'),
(745,3641,'shangyi','尚义','101090306'),
(746,3641,'yangyuan','阳原','101090308'),
(747,3641,'huaian','怀安','101090309'),
(748,3641,'wanquan','万全','101090310'),
(749,3641,'zhuolu','涿鹿','101090312'),
(750,3641,'chicheng','赤城','101090313'),
(751,3641,'chongli','崇礼','101090314'),
(752,3641,'qiaodong','桥东','101090315'),
(753,3641,'xiahuayuan','下花园','101090317'),
(754,3641,'qiaoxi','桥西','101090316'),
(755,3642,'leting','乐亭','101090506'),
(756,3642,'tangshan','唐山','101090501'),
(757,3642,'fengnan','丰南','101090502'),
(758,3642,'fengrun','丰润','101090503'),
(759,3642,'luanxian','滦县','101090504'),
(760,3642,'luannan','滦南','101090505'),
(761,3642,'qianxi','迁西','101090507'),
(762,3642,'yutian','玉田','101090508'),
(763,3642,'caofeidian','曹妃甸','101090509'),
(764,3642,'zunhua','遵化','101090510'),
(765,3642,'qianan','迁安','101090511'),
(766,3642,'lunan','路南','101090513'),
(767,3642,'lubei','路北','101090514'),
(768,3642,'kaiping','开平','101090516'),
(769,3642,'guye','古冶','101090515'),
(770,3642,'caofeidiangongyeou','曹妃甸工业区','101090512'),
(771,3643,'qinglong','青龙','101091102'),
(772,3643,'qinhuangdao','秦皇岛','101091101'),
(773,3643,'changli','昌黎','101091103'),
(774,3643,'funing','抚宁','101091104'),
(775,3643,'lulong','卢龙','101091105'),
(776,3643,'beidaihe','北戴河','101091106'),
(777,3643,'shanhaiguan','山海关','101091108'),
(778,3643,'haigang','海港','101091107'),
(779,3644,'xingtai','邢台','101090901'),
(780,3644,'lincheng','临城','101090902'),
(781,3644,'neiqiu','内丘','101090904'),
(782,3644,'baixiang','柏乡','101090905'),
(783,3644,'longyao','隆尧','101090906'),
(784,3644,'nanhe','南和','101090907'),
(785,3644,'ningjin','宁晋','101090908'),
(786,3644,'julu','巨鹿','101090909'),
(787,3644,'xinhe','新河','101090910'),
(788,3644,'guangzong','广宗','101090911'),
(789,3644,'qinghe','清河','101090914'),
(790,3644,'nangong','南宫','101090916'),
(791,3644,'shahe','沙河','101090917'),
(792,3644,'renxian','任县','101090918'),
(793,3644,'pingxiang','平乡','101090912'),
(794,3644,'linxi','临西','101090915'),
(795,3644,'weixian','威县','101090913'),
(796,3644,'qiaoxi','桥西','101090919'),
(797,3644,'qiaodong','桥东','101090903'),
(798,3645,'langfang','廊坊','101090601'),
(799,3645,'guan','固安','101090602'),
(800,3645,'yongqing','永清','101090603'),
(801,3645,'xianghe','香河','101090604'),
(802,3645,'dacheng','大城','101090605'),
(803,3645,'wenan','文安','101090606'),
(804,3645,'dachang','大厂','101090607'),
(805,3645,'bazhou','霸州','101090608'),
(806,3645,'sanhe','三河','101090609'),
(807,3645,'guangyang','广阳','101090611'),
(808,3645,'anci','安次','101090610'),
(809,3646,'hengshui','衡水','101090801'),
(810,3646,'zaoqiang','枣强','101090802'),
(811,3646,'wuyi','武邑','101090803'),
(812,3646,'wuqiang','武强','101090804'),
(813,3646,'raoyang','饶阳','101090805'),
(814,3646,'anping','安平','101090806'),
(815,3646,'gucheng','故城','101090807'),
(816,3646,'fucheng','阜城','101090809'),
(817,3646,'jizhou','冀州','101090810'),
(818,3646,'shenzhou','深州','101090811'),
(819,3646,'jingxian','景县','101090808'),
(820,3646,'taocheng','桃城','101090812'),
(821,3647,'handan','邯郸','101091001'),
(822,3647,'fengfeng','峰峰','101091002'),
(823,3647,'linzhang','临漳','101091003'),
(824,3647,'chengan','成安','101091004'),
(825,3647,'daming','大名','101091005'),
(826,3647,'cixian','磁县','101091007'),
(827,3647,'feixiang','肥乡','101091008'),
(828,3647,'yongnian','永年','101091009'),
(829,3647,'qiuxian','邱县','101091010'),
(830,3647,'jize','鸡泽','101091011'),
(831,3647,'guangping','广平','101091012'),
(832,3647,'guantao','馆陶','101091013'),
(833,3647,'wuan','武安','101091016'),
(834,3647,'weixian','魏县','101091014'),
(835,3647,'shexian','涉县','101091006'),
(836,3647,'quzhou','曲周','101091015'),
(837,3647,'hanshan','邯山','101091017'),
(838,3647,'congtai','丛台','101091018'),
(839,3647,'fuxing','复兴','101091019'),
(840,3648,'xiongxian','雄县','101091204'),
(841,3649,'zezhou','泽州','101100606'),
(842,3649,'yangcheng','阳城','101100603'),
(843,3649,'jincheng','晋城','101100601'),
(844,3649,'qinshui','沁水','101100602'),
(845,3649,'lingchuan','陵川','101100604'),
(846,3649,'gaoping','高平','101100605'),
(847,3650,'xiaodianqu','小店区','101100107'),
(848,3650,'taiyuan','太原','101100101'),
(849,3650,'qingxu','清徐','101100102'),
(850,3650,'yangqu','阳曲','101100103'),
(851,3650,'loufan','娄烦','101100104'),
(852,3650,'gujiao','古交','101100105'),
(853,3650,'jiancaopingqu','尖草坪区','101100106'),
(854,3650,'yingze','迎泽','101100108'),
(855,3650,'jinyuan','晋源','101100111'),
(856,3650,'xinghualing','杏花岭','101100109'),
(857,3650,'wanbailin','万柏林','101100110'),
(858,3651,'datong','大同','101100201'),
(859,3651,'yanggao','阳高','101100202'),
(860,3651,'datongxian','大同县','101100203'),
(861,3651,'tianzhen','天镇','101100204'),
(862,3651,'guangling','广灵','101100205'),
(863,3651,'lingqiu','灵丘','101100206'),
(864,3651,'hunyuan','浑源','101100207'),
(865,3651,'zuoyun','左云','101100208'),
(866,3651,'kuangqu','矿区','101100209'),
(867,3651,'nanjiao','南郊','101100210'),
(868,3651,'xinrong','新荣','101100211'),
(869,3652,'hequ','河曲','101101004'),
(870,3652,'wutaishan','五台山','101101010'),
(871,3652,'yuanping','原平','101101015'),
(872,3652,'xinzhou','忻州','101101001'),
(873,3652,'dingxiang','定襄','101101002'),
(874,3652,'pianguan','偏关','101101005'),
(875,3652,'shenchi','神池','101101006'),
(876,3652,'ningwu','宁武','101101007'),
(877,3652,'daixian','代县','101101008'),
(878,3652,'fanshi','繁峙','101101009'),
(879,3652,'bode','保德','101101011'),
(880,3652,'jingle','静乐','101101012'),
(881,3652,'kelan','岢岚','101101013'),
(882,3652,'wuzhai','五寨','101101014'),
(883,3652,'wutaixian','五台县','101101003'),
(884,3652,'xinfu','忻府','101101016'),
(885,3653,'jiexiu','介休','101100412'),
(886,3653,'pingyao','平遥','101100410'),
(887,3653,'yuci','榆次','101100402'),
(888,3653,'yushe','榆社','101100403'),
(889,3653,'jinzhong','晋中','101100401'),
(890,3653,'zuoquan','左权','101100404'),
(891,3653,'heshun','和顺','101100405'),
(892,3653,'xiyang','昔阳','101100406'),
(893,3653,'shouyang','寿阳','101100407'),
(894,3653,'taigu','太谷','101100408'),
(895,3653,'qixian','祁县','101100409'),
(896,3653,'lingshi','灵石','101100411'),
(897,3654,'lishi','离石','101101101'),
(898,3654,'lvliang','吕梁','101101100'),
(899,3654,'linxian','临县','101101102'),
(900,3654,'xingxian','兴县','101101103'),
(901,3654,'lanxian','岚县','101101104'),
(902,3654,'liulin','柳林','101101105'),
(903,3654,'shilou','石楼','101101106'),
(904,3654,'fangshan','方山','101101107'),
(905,3654,'jiaokou','交口','101101108'),
(906,3654,'zhongyang','中阳','101101109'),
(907,3654,'xiaoyi','孝义','101101110'),
(908,3654,'fenyang','汾阳','101101111'),
(909,3654,'wenshui','文水','101101112'),
(910,3654,'jiaocheng','交城','101101113'),
(911,3655,'yangquan','阳泉','101100301'),
(912,3655,'yuxian','盂县','101100302'),
(913,3655,'pingding','平定','101100303'),
(914,3655,'kuangqu','矿区','101100304'),
(915,3655,'jiaoqu','郊区','101100305'),
(916,3656,'yuncheng','运城','101100801'),
(917,3656,'linyi','临猗','101100802'),
(918,3656,'jishan','稷山','101100803'),
(919,3656,'wanrong','万荣','101100804'),
(920,3656,'hejin','河津','101100805'),
(921,3656,'xinjiang','新绛','101100806'),
(922,3656,'jiangxian','绛县','101100807'),
(923,3656,'wenxi','闻喜','101100808'),
(924,3656,'yuanqu','垣曲','101100809'),
(925,3656,'yongji','永济','101100810'),
(926,3656,'ruicheng','芮城','101100811'),
(927,3656,'xiaxian','夏县','101100812'),
(928,3656,'pinglu','平陆','101100813'),
(929,3656,'yanhu','盐湖','101100814'),
(930,3657,'changzhi','长治','101100501'),
(931,3657,'licheng','黎城','101100502'),
(932,3657,'tunliu','屯留','101100503'),
(933,3657,'lucheng','潞城','101100504'),
(934,3657,'xiangyuan','襄垣','101100505'),
(935,3657,'pingshun','平顺','101100506'),
(936,3657,'wuxiang','武乡','101100507'),
(937,3657,'qinxian','沁县','101100508'),
(938,3657,'zhangzi','长子','101100509'),
(939,3657,'qinyuan','沁源','101100510'),
(940,3657,'huguan','壶关','101100511'),
(941,3657,'jiaoqu','郊区','101100512'),
(942,3658,'shuozhou','朔州','101100901'),
(943,3658,'pinglu','平鲁','101100902'),
(944,3658,'shanyin','山阴','101100903'),
(945,3658,'youyu','右玉','101100904'),
(946,3658,'yingxian','应县','101100905'),
(947,3658,'huairen','怀仁','101100906'),
(948,3658,'shuocheng','朔城','101100907'),
(949,3659,'linfen','临汾','101100701'),
(950,3659,'quwo','曲沃','101100702'),
(951,3659,'yonghe','永和','101100703'),
(952,3659,'xixian','隰县','101100704'),
(953,3659,'daning','大宁','101100705'),
(954,3659,'jixian','吉县','101100706'),
(955,3659,'xiangfen','襄汾','101100707'),
(956,3659,'puxian','蒲县','101100708'),
(957,3659,'fenxi','汾西','101100709'),
(958,3659,'hongtong','洪洞','101100710'),
(959,3659,'huozhou','霍州','101100711'),
(960,3659,'xiangning','乡宁','101100712'),
(961,3659,'yicheng','翼城','101100713'),
(962,3659,'houma','侯马','101100714'),
(963,3659,'fushan','浮山','101100715'),
(964,3659,'anze','安泽','101100716'),
(965,3659,'guxian','古县','101100717'),
(966,3659,'yaodou','尧都','101100718'),
(967,3660,'wulumuqimushizhan','乌鲁木齐牧试站','101130108'),
(968,3660,'wulumuqi','乌鲁木齐','101130101'),
(969,3660,'xiaoquzi','小渠子','101130103'),
(970,3660,'dabancheng','达坂城','101130105'),
(971,3660,'tianchi','天池','101130109'),
(972,3660,'baiyanggou','白杨沟','101130110'),
(973,3660,'shayibake','沙依巴克','101130104'),
(974,3660,'wulumuqixian','乌鲁木齐县','101130113'),
(975,3660,'tianshan','天山','101130102'),
(976,3660,'xinshi','新市','101130106'),
(977,3660,'shuimogou','水磨沟','101130107'),
(978,3660,'toutunhe','头屯河','101130111'),
(979,3660,'midong','米东','101130112'),
(980,3661,'baijiantan','白碱滩','101130203'),
(981,3661,'kelamayi','克拉玛依','101130201'),
(982,3661,'wuerhe','乌尔禾','101130202'),
(983,3661,'dushanzi','独山子','101130204'),
(984,3662,'shufu','疏附','101130911'),
(985,3662,'bachu','巴楚','101130908'),
(986,3662,'kashi','喀什','101130901'),
(987,3662,'shache','莎车','101130905'),
(988,3662,'shule','疏勒','101130912'),
(989,3662,'yingjisha','英吉沙','101130902'),
(990,3662,'tashikuergan','塔什库尔干','101130903'),
(991,3662,'maigaiti','麦盖提','101130904'),
(992,3662,'yecheng','叶城','101130906'),
(993,3662,'zepu','泽普','101130907'),
(994,3662,'yuepuhu','岳普湖','101130909'),
(995,3662,'jiashi','伽师','101130910'),
(996,3663,'kuitunshi','奎屯','101131011'),
(997,3663,'yining','伊宁','101131001'),
(998,3663,'chabuchaer','察布查尔','101131002'),
(999,3663,'nileke','尼勒克','101131003'),
(1000,3663,'yiningxian','伊宁县','101131004'),
(1001,3663,'gongliu','巩留','101131005'),
(1002,3663,'xinyuan','新源','101131006'),
(1003,3663,'zhaosu','昭苏','101131007'),
(1004,3663,'tekesi','特克斯','101131008'),
(1005,3663,'huocheng','霍城','101131009'),
(1006,3663,'huoerguosi','霍尔果斯','101131010'),
(1007,3663,'yili','伊犁','101131012'),
(1008,3664,'bohu','博湖','101130612'),
(1009,3664,'baluntai','巴仑台','101130614'),
(1010,3664,'bayinbuluke','巴音布鲁克','101130610'),
(1011,3664,'kuerle','库尔勒','101130601'),
(1012,3664,'tieganlike','铁干里克','101130611'),
(1013,3664,'luntai','轮台','101130602'),
(1014,3664,'yuli','尉犁','101130603'),
(1015,3664,'ruoqiang','若羌','101130604'),
(1016,3664,'hejing','和静','101130606'),
(1017,3664,'qiemo','且末','101130605'),
(1018,3664,'yanqi','焉耆','101130607'),
(1019,3664,'shuo','和硕','101130608'),
(1020,3664,'tazhong','塔中','101130613'),
(1021,3664,'bayinguoleng','巴音郭楞','101130609'),
(1022,3665,'caijiahu','蔡家湖','101130409'),
(1023,3665,'changji','昌吉','101130401'),
(1024,3665,'manasi','玛纳斯','101130407'),
(1025,3665,'miquan','米泉','101130403'),
(1026,3665,'qitai','奇台','101130406'),
(1027,3665,'hutubi','呼图壁','101130402'),
(1028,3665,'fukang','阜康','101130404'),
(1029,3665,'jimusaer','吉木萨尔','101130405'),
(1030,3665,'mulei','木垒','101130408'),
(1031,3666,'aheqi','阿合奇','101131504'),
(1032,3666,'atushi','阿图什','101131501'),
(1033,3666,'wuqia','乌恰','101131502'),
(1034,3666,'aketao','阿克陶','101131503'),
(1035,3666,'kezhou','克州','101131505'),
(1036,3667,'alaer','阿拉尔','101130701'),
(1037,3668,'aletai','阿勒泰','101131401'),
(1038,3668,'fuyun','富蕴','101131408'),
(1039,3668,'habahe','哈巴河','101131402'),
(1040,3668,'jimunai','吉木乃','101131405'),
(1041,3668,'buerjin','布尔津','101131406'),
(1042,3668,'fuhai','福海','101131407'),
(1043,3668,'qinghe','青河','101131409'),
(1044,3668,'kekedala','可克达拉','101131413'),
(1045,3668,'beitun','北屯','101131410'),
(1046,3668,'shuanghe','双河','101131412'),
(1047,3669,'hami','哈密','101131201'),
(1048,3669,'yiwu','伊吾','101131204'),
(1049,3669,'balikun','巴里坤','101131203'),
(1050,3669,'yizhou','伊州','101131202'),
(1051,3670,'hetian','和田','101131301'),
(1052,3670,'pishan','皮山','101131302'),
(1053,3670,'cele','策勒','101131303'),
(1054,3670,'moyu','墨玉','101131304'),
(1055,3670,'luopu','洛浦','101131305'),
(1056,3670,'minfeng','民丰','101131306'),
(1057,3670,'yutian','于田','101131307'),
(1058,3671,'jinghe','精河','101131603'),
(1059,3671,'bole','博乐','101131601'),
(1060,3671,'wenquan','温泉','101131602'),
(1061,3671,'alashankou','阿拉山口','101131606'),
(1062,3671,'boertala','博尔塔拉','101131604'),
(1063,3672,'kuche','库车','101130807'),
(1064,3672,'akesu','阿克苏','101130801'),
(1065,3672,'wushi','乌什','101130802'),
(1066,3672,'wensu','温宿','101130803'),
(1067,3672,'baicheng','拜城','101130804'),
(1068,3672,'xinhe','新和','101130805'),
(1069,3672,'shaya','沙雅','101130806'),
(1070,3672,'keping','柯坪','101130808'),
(1071,3672,'awati','阿瓦提','101130809'),
(1072,3673,'tacheng','塔城','101131101'),
(1073,3673,'wusu','乌苏','101131106'),
(1074,3673,'yumin','裕民','101131102'),
(1075,3673,'emin','额敏','101131103'),
(1076,3673,'hebukesaier','和布克赛尔','101131104'),
(1077,3673,'tuoli','托里','101131105'),
(1078,3673,'shawan','沙湾','101131107'),
(1079,3674,'tulufan','吐鲁番','101130501'),
(1080,3674,'tuokexun','托克逊','101130502'),
(1081,3674,'shanshan','鄯善','101130504'),
(1082,3674,'gaochang','高昌','101130503'),
(1083,3675,'shihezi','石河子','101130301'),
(1084,3675,'mosuowan','莫索湾','101130303'),
(1085,3675,'paotai','炮台','101130302'),
(1086,3676,'duilongdeqing','堆龙德庆','101140105'),
(1087,3676,'qushui','曲水','101140106'),
(1088,3676,'dazi','达孜','101140107'),
(1089,3676,'lasa','拉萨','101140101'),
(1090,3676,'dangxiong','当雄','101140102'),
(1091,3676,'nimu','尼木','101140103'),
(1092,3676,'mozhugongka','墨竹工卡','101140108'),
(1093,3676,'linzhou','林周','101140104'),
(1094,3676,'chengguan','城关','101140109'),
(1095,3677,'saga','萨嘎','101140209'),
(1096,3677,'sajia','萨迦','101140213'),
(1097,3677,'renbu','仁布','101140220'),
(1098,3677,'zhongba','仲巴','101140208'),
(1099,3677,'angren','昂仁','101140211'),
(1100,3677,'gangba','岗巴','101140216'),
(1101,3677,'kangma','康马','101140219'),
(1102,3677,'bailang','白朗','101140217'),
(1103,3677,'pali','帕里','101140207'),
(1104,3677,'anri','定日','101140205'),
(1105,3677,'rikaze','日喀则','101140201'),
(1106,3677,'lazi','拉孜','101140202'),
(1107,3677,'nanmulin','南木林','101140203'),
(1108,3677,'nielamu','聂拉木','101140204'),
(1109,3677,'jiangzi','江孜','101140206'),
(1110,3677,'xietongmen','谢通门','101140214'),
(1111,3677,'jilong','吉隆','101140210'),
(1112,3677,'dingjie','定结','101140212'),
(1113,3677,'yadong','亚东','101140218'),
(1114,3677,'sangzhuzi','桑珠孜','101140215'),
(1115,3678,'zhanang','扎囊','101140303'),
(1116,3678,'naidong','乃东','101140309'),
(1117,3678,'sangri','桑日','101140310'),
(1118,3678,'luozha','洛扎','101140311'),
(1119,3678,'cuomei','措美','101140312'),
(1120,3678,'qusong','曲松','101140314'),
(1121,3678,'longzi','隆子','101140307'),
(1122,3678,'shannan','山南','101140301'),
(1123,3678,'gongga','贡嘎','101140302'),
(1124,3678,'qiongjie','琼结','101140313'),
(1125,3678,'jiacha','加查','101140304'),
(1126,3678,'langkazi','浪卡子','101140305'),
(1127,3678,'cuona','错那','101140306'),
(1128,3678,'zedang','泽当','101140308'),
(1129,3679,'gongbujiangda','工布江达','101140405'),
(1130,3679,'langxian','朗县','101140406'),
(1131,3679,'motuo','墨脱','101140407'),
(1132,3679,'linzhi','林芝','101140401'),
(1133,3679,'bomi','波密','101140402'),
(1134,3679,'milin','米林','101140403'),
(1135,3679,'chayu','察隅','101140404'),
(1136,3679,'bayi','巴宜','101140408'),
(1137,3680,'bianba','边坝','101140503'),
(1138,3680,'jiangda','江达','101140509'),
(1139,3680,'chaya','察雅','101140510'),
(1140,3680,'gongjue','贡觉','101140511'),
(1141,3680,'dingqing','丁青','101140502'),
(1142,3680,'changdu','昌都','101140501'),
(1143,3680,'leiwuqi','类乌齐','101140507'),
(1144,3680,'luolong','洛隆','101140504'),
(1145,3680,'zuogong','左贡','101140505'),
(1146,3680,'mangkang','芒康','101140506'),
(1147,3680,'basu','八宿','101140508'),
(1148,3680,'karuo','卡若','101140512'),
(1149,3681,'nima','尼玛','101140602'),
(1150,3681,'nierong','聂荣','101140607'),
(1151,3681,'baqing','巴青','101140608'),
(1152,3681,'bange','班戈','101140604'),
(1153,3681,'naqu','那曲','101140601'),
(1154,3681,'suoxian','索县','101140606'),
(1155,3681,'jiali','嘉黎','101140603'),
(1156,3681,'anduo','安多','101140605'),
(1157,3681,'biru','比如','101140609'),
(1158,3681,'shuanghu','双湖','101140610'),
(1159,3681,'shenzha','申扎','101140611'),
(1160,3682,'zhada','札达','101140706'),
(1161,3682,'gaer','噶尔','101140707'),
(1162,3682,'ritu','日土','101140708'),
(1163,3682,'geji','革吉','101140709'),
(1164,3682,'cuoqin','措勤','101140710'),
(1165,3682,'shiquanhe','狮泉河','101140704'),
(1166,3682,'shenzha','申扎','101140703'),
(1167,3682,'ali','阿里','101140701'),
(1168,3682,'gaize','改则','101140702'),
(1169,3682,'pulan','普兰','101140705'),
(1170,3683,'pingan','平安','101150208'),
(1171,3683,'lenghu','冷湖','101150207'),
(1172,3683,'haidong','海东','101150201'),
(1173,3683,'ledu','乐都','101150202'),
(1174,3683,'minhe','民和','101150203'),
(1175,3683,'huzhu','互助','101150204'),
(1176,3683,'hualong','化隆','101150205'),
(1177,3683,'xunhua','循化','101150206'),
(1178,3684,'chenduo','称多','101150602'),
(1179,3684,'qumacai','曲麻莱','101150606'),
(1180,3684,'yushu','玉树','101150601'),
(1181,3684,'zaduo','杂多','101150604'),
(1182,3684,'zhiduo','治多','101150603'),
(1183,3684,'nangqian','囊谦','101150605'),
(1184,3685,'dachaidan','大柴旦','101150713'),
(1185,3685,'lenghu','冷湖','101150716'),
(1186,3685,'mangai','茫崖','101150712'),
(1187,3685,'haixi','海西','101150701'),
(1188,3685,'tianjun','天峻','101150708'),
(1189,3685,'wulan','乌兰','101150709'),
(1190,3685,'haixi','海西','101150702'),
(1191,3685,'dulan','都兰','101150715'),
(1192,3685,'geermu','格尔木','101150714'),
(1193,3686,'dari','达日','101150504'),
(1194,3686,'madu','玛多','101150506'),
(1195,3686,'guoluo','果洛','101150501'),
(1196,3686,'banma','班玛','101150502'),
(1197,3686,'gande','甘德','101150503'),
(1198,3686,'jiuzhi','久治','101150505'),
(1199,3686,'maqin','玛沁','101150508'),
(1200,3686,'guoluo','果洛','101150507'),
(1201,3687,'gangcha','刚察','101150806'),
(1202,3687,'haibei','海北','101150801'),
(1203,3687,'menyuan','门源','101150802'),
(1204,3687,'qilian','祁连','101150803'),
(1205,3687,'haibei','海北','101150804'),
(1206,3688,'henan','河南','101150304'),
(1207,3688,'huangnan','黄南','101150301'),
(1208,3688,'jianzha','尖扎','101150302'),
(1209,3688,'zeku','泽库','101150303'),
(1210,3688,'tongren','同仁','101150305'),
(1211,3689,'xining','西宁','101150101'),
(1212,3689,'datong','大通','101150102'),
(1213,3689,'huangyuan','湟源','101150103'),
(1214,3689,'huangzhong','湟中','101150104'),
(1215,3689,'chengxi','城西','101150107'),
(1216,3689,'chengdong','城东','101150105'),
(1217,3689,'chengzhong','城中','101150106'),
(1218,3689,'chengbei','城北','101150108'),
(1219,3690,'hainan','海南','101150401'),
(1220,3690,'guide','贵德','101150404'),
(1221,3690,'xinghai','兴海','101150406'),
(1222,3690,'guinan','贵南','101150407'),
(1223,3690,'tongde','同德','101150408'),
(1224,3690,'gonghe','共和','101150409'),
(1225,3690,'hainan','海南','101150402'),
(1226,3691,'yangling','杨凌','101111101'),
(1227,3691,'yangling','杨陵','101111102'),
(1228,3692,'ankang','安康','101110701'),
(1229,3692,'ziyang','紫阳','101110702'),
(1230,3692,'shiquan','石泉','101110703'),
(1231,3692,'hanyin','汉阴','101110704'),
(1232,3692,'xunyang','旬阳','101110705'),
(1233,3692,'langao','岚皋','101110706'),
(1234,3692,'pingli','平利','101110707'),
(1235,3692,'baihe','白河','101110708'),
(1236,3692,'zhenping','镇坪','101110709'),
(1237,3692,'ningshan','宁陕','101110710'),
(1238,3692,'hanbin','汉滨','101110711'),
(1239,3693,'baoji','宝鸡','101110901'),
(1240,3693,'qianyang','千阳','101110903'),
(1241,3693,'linyou','麟游','101110904'),
(1242,3693,'qishan','岐山','101110905'),
(1243,3693,'fengxiang','凤翔','101110906'),
(1244,3693,'fufeng','扶风','101110907'),
(1245,3693,'meixian','眉县','101110908'),
(1246,3693,'taibai','太白','101110909'),
(1247,3693,'fengxian','凤县','101110910'),
(1248,3693,'longxian','陇县','101110911'),
(1249,3693,'chencang','陈仓','101110912'),
(1250,3693,'weibin','渭滨','101110902'),
(1251,3693,'jintai','金台','101110913'),
(1252,3694,'hanzhong','汉中','101110801'),
(1253,3694,'lueyang','略阳','101110802'),
(1254,3694,'mianxian','勉县','101110803'),
(1255,3694,'liuba','留坝','101110804'),
(1256,3694,'yangxian','洋县','101110805'),
(1257,3694,'chenggu','城固','101110806'),
(1258,3694,'xixiang','西乡','101110807'),
(1259,3694,'fuoping','佛坪','101110808'),
(1260,3694,'ningqiang','宁强','101110809'),
(1261,3694,'nanzheng','南郑','101110810'),
(1262,3694,'zhenba','镇巴','101110811'),
(1263,3694,'hantai','汉台','101110812'),
(1264,3695,'lintong','临潼','101110103'),
(1265,3695,'xian','西安','101110101'),
(1266,3695,'changan','长安','101110102'),
(1267,3695,'lantian','蓝田','101110104'),
(1268,3695,'zhouzhi','周至','101110105'),
(1269,3695,'huxian','户县','101110106'),
(1270,3695,'gaoling','高陵','101110107'),
(1271,3695,'xincheng','新城','101110108'),
(1272,3695,'weiyang','未央','101110112'),
(1273,3695,'yanliang','阎良','101110114'),
(1274,3695,'beilin','碑林','101110109'),
(1275,3695,'lianhu','莲湖','101110110'),
(1276,3695,'baqiao','灞桥','101110111'),
(1277,3695,'yanta','雁塔','101110113'),
(1278,3696,'weinan','渭南','101110501'),
(1279,3696,'huaxian','华县','101110502'),
(1280,3696,'tongguan','潼关','101110503'),
(1281,3696,'dali','大荔','101110504'),
(1282,3696,'baishui','白水','101110505'),
(1283,3696,'fuping','富平','101110506'),
(1284,3696,'pucheng','蒲城','101110507'),
(1285,3696,'chengcheng','澄城','101110508'),
(1286,3696,'heyang','合阳','101110509'),
(1287,3696,'hancheng','韩城','101110510'),
(1288,3696,'huayin','华阴','101110511'),
(1289,3696,'linwei','临渭','101110512'),
(1290,3696,'huazhou','华州','101110513'),
(1291,3697,'xianyang','咸阳','101110200'),
(1292,3697,'sanyuan','三原','101110201'),
(1293,3697,'liquan','礼泉','101110202'),
(1294,3697,'yongshou','永寿','101110203'),
(1295,3697,'chunhua','淳化','101110204'),
(1296,3697,'jingyang','泾阳','101110205'),
(1297,3697,'wugong','武功','101110206'),
(1298,3697,'qianxian','乾县','101110207'),
(1299,3697,'binxian','彬县','101110208'),
(1300,3697,'changwu','长武','101110209'),
(1301,3697,'xunyi','旬邑','101110210'),
(1302,3697,'xingping','兴平','101110211'),
(1303,3697,'qindou','秦都','101110212'),
(1304,3697,'weicheng','渭城','101110213'),
(1305,3698,'yanan','延安','101110300'),
(1306,3698,'yanchang','延长','101110301'),
(1307,3698,'yanchuan','延川','101110302'),
(1308,3698,'zichang','子长','101110303'),
(1309,3698,'yichuan','宜川','101110304'),
(1310,3698,'fuxian','富县','101110305'),
(1311,3698,'zhidan','志丹','101110306'),
(1312,3698,'ansai','安塞','101110307'),
(1313,3698,'ganquan','甘泉','101110308'),
(1314,3698,'luochuan','洛川','101110309'),
(1315,3698,'huangling','黄陵','101110310'),
(1316,3698,'huanglong','黄龙','101110311'),
(1317,3698,'wuqi','吴起','101110312'),
(1318,3698,'baota','宝塔','101110313'),
(1319,3699,'yulin','榆林','101110401'),
(1320,3699,'fugu','府谷','101110402'),
(1321,3699,'shenmu','神木','101110403'),
(1322,3699,'jiaxian','佳县','101110404'),
(1323,3699,'dingbian','定边','101110405'),
(1324,3699,'jingbian','靖边','101110406'),
(1325,3699,'hengshan','横山','101110407'),
(1326,3699,'mizhi','米脂','101110408'),
(1327,3699,'zizhou','子洲','101110409'),
(1328,3699,'suide','绥德','101110410'),
(1329,3699,'wubu','吴堡','101110411'),
(1330,3699,'qingjian','清涧','101110412'),
(1331,3699,'yuyang','榆阳','101110413'),
(1332,3700,'tongchuan','铜川','101111001'),
(1333,3700,'yaozhou','耀州','101111004'),
(1334,3700,'yijun','宜君','101111003'),
(1335,3700,'yaoxian','耀县','101111002'),
(1336,3700,'wangyi','王益','101111005'),
(1337,3700,'yintai','印台','101111006'),
(1338,3701,'shangluo','商洛','101110601'),
(1339,3701,'luonan','洛南','101110602'),
(1340,3701,'zhashui','柞水','101110603'),
(1341,3701,'zhenan','镇安','101110605'),
(1342,3701,'danfeng','丹凤','101110606'),
(1343,3701,'shangnan','商南','101110607'),
(1344,3701,'shanyang','山阳','101110608'),
(1345,3701,'shangzhou','商州','101110604'),
(1346,3702,'dangzidao','氹仔岛','101330102'),
(1347,3702,'macao','澳门','101330101'),
(1348,3702,'luhuandao','路环岛','101330103'),
(1349,3703,'panji','潘集','101220403'),
(1350,3703,'huainan','淮南','101220401'),
(1351,3703,'fengtai','凤台','101220402'),
(1352,3703,'datong','大通','101220404'),
(1353,3703,'xiejiaji','谢家集','101220406'),
(1354,3703,'bagongshan','八公山','101220407'),
(1355,3703,'shouxian','寿县','101220408'),
(1356,3703,'tianjiaan','田家庵','101220405'),
(1357,3704,'huangshanqu','黄山区','101221002'),
(1358,3704,'qimen','祁门','101221004'),
(1359,3704,'shexian','歙县','101221006'),
(1360,3704,'tunxi','屯溪','101221003'),
(1361,3704,'xiuning','休宁','101221007'),
(1362,3704,'yixian','黟县','101221005'),
(1363,3704,'huangshan','黄山','101221001'),
(1364,3704,'huangshanfengjingou(guangmingding)','黄山风景区(光明顶)','101221008'),
(1365,3704,'huizhou','徽州','101221009'),
(1366,3705,'hanshan','含山','101220503'),
(1367,3705,'hexian','和县','101220504'),
(1368,3705,'maanshan','马鞍山','101220501'),
(1369,3705,'dangtu','当涂','101220502'),
(1370,3705,'yushan','雨山','101220506'),
(1371,3705,'bowang','博望','101220507'),
(1372,3705,'huashan','花山','101220505'),
(1373,3706,'huaining','怀宁','101220605'),
(1374,3706,'qianshan','潜山','101220604'),
(1375,3706,'susong','宿松','101220606'),
(1376,3706,'taihu','太湖','101220603'),
(1377,3706,'tongcheng','桐城','101220609'),
(1378,3706,'wangjiang','望江','101220607'),
(1379,3706,'yuexi','岳西','101220608'),
(1380,3706,'zongyang','枞阳','101220602'),
(1381,3706,'anqing','安庆','101220601'),
(1382,3706,'yingjiang','迎江','101220610'),
(1383,3706,'daguan','大观','101220611'),
(1384,3706,'yixiu','宜秀','101220612'),
(1385,3707,'huaiyuan','怀远','101220202'),
(1386,3707,'wuhe','五河','101220204'),
(1387,3707,'bengbu','蚌埠','101220201'),
(1388,3707,'guzhen','固镇','101220203'),
(1389,3707,'bangshan','蚌山','101220206'),
(1390,3707,'huaishang','淮上','101220208'),
(1391,3707,'yuhui','禹会','101220207'),
(1392,3707,'longzihu','龙子湖','101220205'),
(1393,3708,'mingguang','明光','101221103'),
(1394,3708,'laian','来安','101221106'),
(1395,3708,'quanjiao','全椒','101221105'),
(1396,3708,'tianchang','天长','101221107'),
(1397,3708,'chuzhou','滁州','101221101'),
(1398,3708,'dingyuan','定远','101221104'),
(1399,3708,'fengyang','凤阳','101221102'),
(1400,3708,'langya','琅琊','101221108'),
(1401,3708,'nanqiao','南谯','101221109'),
(1402,3709,'jieshou','界首','101220805'),
(1403,3709,'linquan','临泉','101220804'),
(1404,3709,'taihe','太和','101220806'),
(1405,3709,'yingshang','颍上','101220803'),
(1406,3709,'funan','阜南','101220802'),
(1407,3709,'fuyang','阜阳','101220801'),
(1408,3709,'yingzhou','颍州','101220807'),
(1409,3709,'yingdong','颍东','101220808'),
(1410,3709,'yingquan','颍泉','101220809'),
(1411,3710,'jingxian','泾县','101221402'),
(1412,3710,'jixi','绩溪','101221405'),
(1413,3710,'langxi','郎溪','101221407'),
(1414,3710,'ningguo','宁国','101221404'),
(1415,3710,'jingde','旌德','101221403'),
(1416,3710,'xuancheng','宣城','101221401'),
(1417,3710,'guangde','广德','101221406'),
(1418,3710,'xuanzhou','宣州','101221408'),
(1419,3711,'jinzhai','金寨','101221505'),
(1420,3711,'shouxian','寿县','101221503'),
(1421,3711,'shucheng','舒城','101221507'),
(1422,3711,'huoshan','霍山','101221506'),
(1423,3711,'huoqiu','霍邱','101221502'),
(1424,3711,'luan','六安','101221501'),
(1425,3711,'jinan','金安','101221504'),
(1426,3711,'yuan','裕安','101221508'),
(1427,3711,'yeji','叶集','101221509'),
(1428,3712,'jiuhuashan','九华山','101221704'),
(1429,3712,'qingyang','青阳','101221703'),
(1430,3712,'shitai','石台','101221705'),
(1431,3712,'dongzhi','东至','101221702'),
(1432,3712,'chizhou','池州','101221701'),
(1433,3712,'guichi','贵池','101221706'),
(1434,3713,'lixin','利辛','101220903'),
(1435,3713,'mengcheng','蒙城','101220904'),
(1436,3713,'guoyang','涡阳','101220902'),
(1437,3713,'bozhou','亳州','101220901'),
(1438,3713,'qiaocheng','谯城','101220905'),
(1439,3714,'lujiang','庐江','101220106'),
(1440,3714,'changfeng','长丰','101220102'),
(1441,3714,'feixi','肥西','101220104'),
(1442,3714,'feidong','肥东','101220103'),
(1443,3714,'chaohu','巢湖','101220105'),
(1444,3714,'hefei','合肥','101220101'),
(1445,3714,'shushan','蜀山','101220109'),
(1446,3714,'yaohai','瑶海','101220107'),
(1447,3714,'luyang','庐阳','101220108'),
(1448,3714,'baohe','包河','101220110'),
(1449,3715,'nanling','南陵','101220304'),
(1450,3715,'wuhuxian','芜湖县','101220303'),
(1451,3715,'wuwei','无为','101220305'),
(1452,3715,'fanyang','繁昌','101220302'),
(1453,3715,'wuhu','芜湖','101220301'),
(1454,3715,'jiujiang','鸠江','101220308'),
(1455,3715,'jinghu','镜湖','101220306'),
(1456,3715,'yijiang','弋江','101220307'),
(1457,3715,'sanshan','三山','101220309'),
(1458,3716,'sixian','泗县','101220704'),
(1459,3716,'suzhou','宿州','101220701'),
(1460,3716,'xiaoxian','萧县','101220705'),
(1461,3716,'lingbi','灵璧','101220703'),
(1462,3716,'dangshan','砀山','101220702'),
(1463,3716,'yongqiao','埇桥','101220706'),
(1464,3717,'tongling','铜陵','101221301'),
(1465,3717,'tongguan','铜官','101221302'),
(1466,3717,'yian','义安','101221303'),
(1467,3717,'jiaoqu','郊区','101221304'),
(1468,3717,'congyang','枞阳','101221305'),
(1469,3718,'huaibei','淮北','101221201'),
(1470,3718,'suixi','濉溪','101221202'),
(1471,3718,'xiangshan','相山','101221204'),
(1472,3718,'lieshan','烈山','101221205'),
(1473,3718,'duji','杜集','101221203'),
(1474,3719,'dahua','大化','101301211'),
(1475,3719,'hechi','河池','101301201'),
(1476,3719,'tiane','天峨','101301202'),
(1477,3719,'donglan','东兰','101301203'),
(1478,3719,'bama','巴马','101301204'),
(1479,3719,'huanjiang','环江','101301205'),
(1480,3719,'luocheng','罗城','101301206'),
(1481,3719,'yizhou','宜州','101301207'),
(1482,3719,'fengshan','凤山','101301208'),
(1483,3719,'nandan','南丹','101301209'),
(1484,3719,'andu','都安','101301210'),
(1485,3719,'jinchengjiang','金城江','101301212'),
(1486,3720,'baise','百色','101301001'),
(1487,3720,'napo','那坡','101301002'),
(1488,3720,'tianyang','田阳','101301003'),
(1489,3720,'debao','德保','101301004'),
(1490,3720,'jingxi','靖西','101301005'),
(1491,3720,'tiandong','田东','101301006'),
(1492,3720,'pingguo','平果','101301007'),
(1493,3720,'longlin','隆林','101301008'),
(1494,3720,'leye','乐业','101301010'),
(1495,3720,'lingyun','凌云','101301011'),
(1496,3720,'tianlin','田林','101301012'),
(1497,3720,'xilin','西林','101301009'),
(1498,3720,'youjiang','右江','101301013'),
(1499,3721,'beihai','北海','101301301'),
(1500,3721,'hepu','合浦','101301302'),
(1501,3721,'weizhoudao','涠洲岛','101301303'),
(1502,3721,'haicheng','海城','101301304'),
(1503,3721,'yinhai','银海','101301305'),
(1504,3721,'tieshangang','铁山港','101301306'),
(1505,3722,'fusui','扶绥','101300206'),
(1506,3722,'longzhou','龙州','101300203'),
(1507,3722,'chongzuo','崇左','101300201'),
(1508,3722,'tiandeng','天等','101300202'),
(1509,3722,'pingxiang','凭祥','101300204'),
(1510,3722,'daxin','大新','101300205'),
(1511,3722,'ningming','宁明','101300207'),
(1512,3722,'jiangzhou','江州','101300208'),
(1513,3723,'guilin','桂林','101300501'),
(1514,3723,'longsheng','龙胜','101300503'),
(1515,3723,'yongfu','永福','101300504'),
(1516,3723,'lingui','临桂','101300505'),
(1517,3723,'xingan','兴安','101300506'),
(1518,3723,'lingchuan','灵川','101300507'),
(1519,3723,'quanzhou','全州','101300508'),
(1520,3723,'guanyang','灌阳','101300509'),
(1521,3723,'yangshuo','阳朔','101300510'),
(1522,3723,'gongcheng','恭城','101300511'),
(1523,3723,'pingle','平乐','101300512'),
(1524,3723,'lipu','荔浦','101300513'),
(1525,3723,'ziyuan','资源','101300514'),
(1526,3723,'xiufeng','秀峰','101300502'),
(1527,3723,'diecai','叠彩','101300515'),
(1528,3723,'qixing','七星','101300517'),
(1529,3723,'yanshan','雁山','101300518'),
(1530,3723,'xiangshan','象山','101300516'),
(1531,3724,'guiping','桂平','101300802'),
(1532,3724,'guigang','贵港','101300801'),
(1533,3724,'pingnan','平南','101300803'),
(1534,3724,'gangbei','港北','101300804'),
(1535,3724,'gangnan','港南','101300805'),
(1536,3724,'tantang','覃塘','101300806'),
(1537,3725,'liujiang','柳江','101300305'),
(1538,3725,'liuzhou','柳州','101300301'),
(1539,3725,'liucheng','柳城','101300302'),
(1540,3725,'luzhai','鹿寨','101300304'),
(1541,3725,'rongan','融安','101300306'),
(1542,3725,'rongshui','融水','101300307'),
(1543,3725,'sanjiang','三江','101300308'),
(1544,3725,'yufeng','鱼峰','101300309'),
(1545,3725,'liunan','柳南','101300310'),
(1546,3725,'liubei','柳北','101300311'),
(1547,3725,'chengzhong','城中','101300303'),
(1548,3726,'mengshan','蒙山','101300605'),
(1549,3726,'wuzhou','梧州','101300601'),
(1550,3726,'tengxian','藤县','101300602'),
(1551,3726,'cangwu','苍梧','101300604'),
(1552,3726,'cenxi','岑溪','101300606'),
(1553,3726,'wanxiu','万秀','101300603'),
(1554,3726,'changzhou','长洲','101300607'),
(1555,3726,'longwei','龙圩','101300608'),
(1556,3727,'nanning','南宁','101300101'),
(1557,3727,'wuming','武鸣','101300108'),
(1558,3727,'yongning','邕宁','101300103'),
(1559,3727,'hengxian','横县','101300104'),
(1560,3727,'longan','隆安','101300105'),
(1561,3727,'mashan','马山','101300106'),
(1562,3727,'shanglin','上林','101300107'),
(1563,3727,'binyang','宾阳','101300109'),
(1564,3727,'xingning','兴宁','101300102'),
(1565,3727,'qingxiu','青秀','101300110'),
(1566,3727,'jiangnan','江南','101300111'),
(1567,3727,'liangqing','良庆','101300113'),
(1568,3727,'xixiangtang','西乡塘','101300112'),
(1569,3728,'qinzhou','钦州','101301101'),
(1570,3728,'pubei','浦北','101301102'),
(1571,3728,'lingshan','灵山','101301103'),
(1572,3728,'qinnan','钦南','101301104'),
(1573,3728,'qinbei','钦北','101301105'),
(1574,3729,'fangchenggang','防城港','101301401'),
(1575,3729,'shangsi','上思','101301402'),
(1576,3729,'fangcheng','防城','101301405'),
(1577,3729,'dongxing','东兴','101301403'),
(1578,3729,'gangkou','港口','101301404'),
(1579,3730,'yulin','玉林','101300901'),
(1580,3730,'bobai','博白','101300902'),
(1581,3730,'beiliu','北流','101300903'),
(1582,3730,'rongxian','容县','101300904'),
(1583,3730,'luchuan','陆川','101300905'),
(1584,3730,'xingye','兴业','101300906'),
(1585,3730,'yuzhou','玉州','101300907'),
(1586,3730,'fumian','福绵','101300908'),
(1587,3731,'hezhou','贺州','101300701'),
(1588,3731,'zhaoping','昭平','101300702'),
(1589,3731,'fuchuan','富川','101300703'),
(1590,3731,'zhongshan','钟山','101300704'),
(1591,3731,'babu','八步','101300705'),
(1592,3731,'pinggui','平桂','101300706'),
(1593,3732,'laibin','来宾','101300401'),
(1594,3732,'xicheng','忻城','101300402'),
(1595,3732,'jinxiu','金秀','101300403'),
(1596,3732,'xiangzhou','象州','101300404'),
(1597,3732,'wuxuan','武宣','101300405'),
(1598,3732,'heshan','合山','101300406'),
(1599,3732,'xingbin','兴宾','101300407'),
(1600,3733,'jinshi','津市','101250608'),
(1601,3733,'changde','常德','101250601'),
(1602,3733,'anxiang','安乡','101250602'),
(1603,3733,'taoyuan','桃源','101250603'),
(1604,3733,'hanshou','汉寿','101250604'),
(1605,3733,'linli','临澧','101250606'),
(1606,3733,'shimen','石门','101250607'),
(1607,3733,'lixian','澧县','101250605'),
(1608,3733,'wuling','武陵','101250609'),
(1609,3733,'dingcheng','鼎城','101250610'),
(1610,3734,'wulingyuan','武陵源','101251104'),
(1611,3734,'sangzhi','桑植','101251102'),
(1612,3734,'zhangjiajie','张家界','101251101'),
(1613,3734,'cili','慈利','101251103'),
(1614,3734,'yongding','永定','101251105'),
(1615,3735,'changsha','长沙','101250101'),
(1616,3735,'liuyang','浏阳','101250103'),
(1617,3735,'ningxiang','宁乡','101250102'),
(1618,3735,'xiangjiangxinou','湘江新区','101250104'),
(1619,3735,'wangcheng','望城','101250105'),
(1620,3735,'furong','芙蓉','101250107'),
(1621,3735,'tianxin','天心','101250108'),
(1622,3735,'yuelu','岳麓','101250109'),
(1623,3735,'kaifu','开福','101250110'),
(1624,3735,'yuhua','雨花','101250111'),
(1625,3735,'changshaxian','长沙县','101250106'),
(1626,3736,'chenzhou','郴州','101250501'),
(1627,3736,'jiahe','嘉禾','101250503'),
(1628,3736,'yizhang','宜章','101250504'),
(1629,3736,'linwu','临武','101250505'),
(1630,3736,'zixing','资兴','101250507'),
(1631,3736,'rucheng','汝城','101250508'),
(1632,3736,'anren','安仁','101250509'),
(1633,3736,'yongxing','永兴','101250510'),
(1634,3736,'guidong','桂东','101250511'),
(1635,3736,'guiyang','桂阳','101250502'),
(1636,3736,'suxian','苏仙','101250512'),
(1637,3736,'beihu','北湖','101250506'),
(1638,3737,'luxi','泸溪','101251506'),
(1639,3737,'jishou','吉首','101251501'),
(1640,3737,'baojing','保靖','101251502'),
(1641,3737,'yongshun','永顺','101251503'),
(1642,3737,'guzhang','古丈','101251504'),
(1643,3737,'fenghuang','凤凰','101251505'),
(1644,3737,'longshan','龙山','101251507'),
(1645,3737,'huayuan','花垣','101251508'),
(1646,3737,'xiangxi','湘西','101251509'),
(1647,3738,'nanyue','南岳','101250409'),
(1648,3738,'hengyang','衡阳','101250401'),
(1649,3738,'hengshan','衡山','101250402'),
(1650,3738,'hengdong','衡东','101250403'),
(1651,3738,'qidong','祁东','101250404'),
(1652,3738,'hengyangxian','衡阳县','101250405'),
(1653,3738,'changning','常宁','101250406'),
(1654,3738,'hengnan','衡南','101250407'),
(1655,3738,'leiyang','耒阳','101250408'),
(1656,3738,'zhuhui','珠晖','101250410'),
(1657,3738,'yanfeng','雁峰','101250411'),
(1658,3738,'shigu','石鼓','101250412'),
(1659,3738,'zhengxiang','蒸湘','101250413'),
(1660,3739,'shaoyang','邵阳','101250901'),
(1661,3739,'wugang','武冈','101250908'),
(1662,3739,'longhui','隆回','101250902'),
(1663,3739,'dongkou','洞口','101250903'),
(1664,3739,'xinshao','新邵','101250904'),
(1665,3739,'shaodong','邵东','101250905'),
(1666,3739,'xinning','新宁','101250907'),
(1667,3739,'chengbu','城步','101250909'),
(1668,3739,'shaoyangxian','邵阳县','101250910'),
(1669,3739,'suining','绥宁','101250906'),
(1670,3739,'daxiang','大祥','101250912'),
(1671,3739,'beita','北塔','101250913'),
(1672,3739,'shuangqing','双清','101250911'),
(1673,3740,'tongdao','通道','101251207'),
(1674,3740,'yuanling','沅陵','101251203'),
(1675,3740,'zhijiang','芷江','101251210'),
(1676,3740,'huaihua','怀化','101251201'),
(1677,3740,'chenxi','辰溪','101251204'),
(1678,3740,'huitong','会同','101251206'),
(1679,3740,'mayang','麻阳','101251208'),
(1680,3740,'xinhuang','新晃','101251209'),
(1681,3740,'xupu','溆浦','101251211'),
(1682,3740,'hongjiang','洪江','101251213'),
(1683,3740,'jingzhou','靖州','101251205'),
(1684,3740,'zhongfang','中方','101251212'),
(1685,3740,'hecheng','鹤城','101251202'),
(1686,3741,'xiangtan','湘潭','101250201'),
(1687,3741,'shaoshan','韶山','101250202'),
(1688,3741,'xiangxiang','湘乡','101250203'),
(1689,3741,'yuhu','雨湖','101250204'),
(1690,3741,'yuetang','岳塘','101250205'),
(1691,3742,'yueyang','岳阳','101251001'),
(1692,3742,'huarong','华容','101251002'),
(1693,3742,'xiangyin','湘阴','101251003'),
(1694,3742,'miluo','汨罗','101251004'),
(1695,3742,'pingjiang','平江','101251005'),
(1696,3742,'linxiang','临湘','101251006'),
(1697,3742,'yunxi','云溪','101251008'),
(1698,3742,'yueyanglouqu','岳阳楼区','101251007'),
(1699,3742,'junshan','君山','101251009'),
(1700,3743,'zhuzhou','株洲','101250301'),
(1701,3743,'youxian','攸县','101250302'),
(1702,3743,'liling','醴陵','101250303'),
(1703,3743,'chaling','茶陵','101250305'),
(1704,3743,'yanling','炎陵','101250306'),
(1705,3743,'hetang','荷塘','101250304'),
(1706,3743,'lusong','芦淞','101250307'),
(1707,3743,'shifeng','石峰','101250308'),
(1708,3743,'tianyuan','天元','101250309'),
(1709,3744,'nanxian','南县','101250702'),
(1710,3744,'taojiang','桃江','101250703'),
(1711,3744,'anhua','安化','101250704'),
(1712,3744,'yiyang','益阳','101250700'),
(1713,3744,'yuanjiang','沅江','101250705'),
(1714,3744,'heshanqu','赫山区','101250701'),
(1715,3744,'ziyang','资阳','101250706'),
(1716,3745,'yongzhou','永州','101251401'),
(1717,3745,'qiyang','祁阳','101251402'),
(1718,3745,'dongan','东安','101251403'),
(1719,3745,'shuangpai','双牌','101251404'),
(1720,3745,'daoxian','道县','101251405'),
(1721,3745,'ningyuan','宁远','101251406'),
(1722,3745,'jiangyong','江永','101251407'),
(1723,3745,'lanshan','蓝山','101251408'),
(1724,3745,'xintian','新田','101251409'),
(1725,3745,'jianghua','江华','101251410'),
(1726,3745,'lengshuitan','冷水滩','101251411'),
(1727,3745,'lingling','零陵','101251412'),
(1728,3746,'loudi','娄底','101250801'),
(1729,3746,'shuangfeng','双峰','101250802'),
(1730,3746,'lengshuijiang','冷水江','101250803'),
(1731,3746,'xinhua','新化','101250805'),
(1732,3746,'lianyuan','涟源','101250806'),
(1733,3746,'louxing','娄星','101250804'),
(1734,3747,'xishan','锡山','101190204'),
(1735,3747,'jiangyin','江阴','101190202'),
(1736,3747,'yixing','宜兴','101190203'),
(1737,3747,'wuxi','无锡','101190201'),
(1738,3747,'huishan','惠山','101190205'),
(1739,3747,'liangxi','梁溪','101190207'),
(1740,3747,'binhu','滨湖','101190206'),
(1741,3747,'xinwu','新吴','101190208'),
(1742,3748,'suyu','宿豫','101191305'),
(1743,3748,'suqian','宿迁','101191301'),
(1744,3748,'shuyang','沭阳','101191302'),
(1745,3748,'siyang','泗阳','101191303'),
(1746,3748,'sihong','泗洪','101191304'),
(1747,3748,'sucheng','宿城','101191306'),
(1748,3749,'changshu','常熟','101190402'),
(1749,3749,'suzhou','苏州','101190401'),
(1750,3749,'zhangjiagang','张家港','101190403'),
(1751,3749,'kunshan','昆山','101190404'),
(1752,3749,'wuzhong','吴中','101190405'),
(1753,3749,'wujiang','吴江','101190407'),
(1754,3749,'taicang','太仓','101190408'),
(1755,3749,'huqiu','虎丘','101190406'),
(1756,3749,'xiangcheng','相城','101190409'),
(1757,3749,'gusu','姑苏','101190410'),
(1758,3750,'changzhou','常州','101191101'),
(1759,3750,'liyang','溧阳','101191102'),
(1760,3750,'jintan','金坛','101191103'),
(1761,3750,'wujin','武进','101191104'),
(1762,3750,'xinbei','新北','101191107'),
(1763,3750,'tianning','天宁','101191105'),
(1764,3750,'zhonglou','钟楼','101191106'),
(1765,3751,'dongtai','东台','101190707'),
(1766,3751,'sheyang','射阳','101190705'),
(1767,3751,'yancheng','盐城','101190701'),
(1768,3751,'xiangshui','响水','101190702'),
(1769,3751,'binhai','滨海','101190703'),
(1770,3751,'jianhu','建湖','101190706'),
(1771,3751,'dafeng','大丰','101190708'),
(1772,3751,'yandu','盐都','101190709'),
(1773,3751,'funing','阜宁','101190704'),
(1774,3751,'tinghu','亭湖','101190710'),
(1775,3752,'ganyu','赣榆','101191003'),
(1776,3752,'lianyungang','连云港','101191001'),
(1777,3752,'donghai','东海','101191002'),
(1778,3752,'guanyun','灌云','101191004'),
(1779,3752,'guannan','灌南','101191005'),
(1780,3752,'haizhou','海州','101191006'),
(1781,3753,'jurong','句容','101190304'),
(1782,3753,'zhenjiang','镇江','101190301'),
(1783,3753,'danyang','丹阳','101190302'),
(1784,3753,'yangzhong','扬中','101190303'),
(1785,3753,'dantu','丹徒','101190305'),
(1786,3753,'jingkou','京口','101190306'),
(1787,3753,'runzhou','润州','101190307'),
(1788,3754,'luhe','六合','101190105'),
(1789,3754,'nanjing','南京','101190101'),
(1790,3754,'pukou','浦口','101190107'),
(1791,3754,'gaochun','高淳','101190103'),
(1792,3754,'jiangning','江宁','101190104'),
(1793,3754,'jiangpu','江浦','101190106'),
(1794,3754,'lishui','溧水','101190102'),
(1795,3754,'xuanwu','玄武','101190108'),
(1796,3754,'qinhuai','秦淮','101190109'),
(1797,3754,'jianye','建邺','101190110'),
(1798,3754,'gulou','鼓楼','101190111'),
(1799,3754,'qixia','栖霞','101190112'),
(1800,3754,'yuhuatai','雨花台','101190113'),
(1801,3755,'nantong','南通','101190501'),
(1802,3755,'haian','海安','101190502'),
(1803,3755,'rugao','如皋','101190503'),
(1804,3755,'rudong','如东','101190504'),
(1805,3755,'haimen','海门','101190508'),
(1806,3755,'qidong','启东','101190507'),
(1807,3755,'tongzhou','通州','101190509'),
(1808,3755,'gangzha','港闸','101190506'),
(1809,3755,'chongchuan','崇川','101190505'),
(1810,3756,'xuzhou','徐州','101190801'),
(1811,3756,'fengxian','丰县','101190803'),
(1812,3756,'peixian','沛县','101190804'),
(1813,3756,'pizhou','邳州','101190805'),
(1814,3756,'suining','睢宁','101190806'),
(1815,3756,'xinyi','新沂','101190807'),
(1816,3756,'tongshan','铜山','101190802'),
(1817,3756,'gulou','鼓楼','101190808'),
(1818,3756,'yunlong','云龙','101190809'),
(1819,3756,'jiawang','贾汪','101190810'),
(1820,3756,'quanshan','泉山','101190811'),
(1821,3757,'huaian','淮安','101190901'),
(1822,3757,'jinhu','金湖','101190902'),
(1823,3757,'xuyi','盱眙','101190903'),
(1824,3757,'hongze','洪泽','101190904'),
(1825,3757,'lianshui','涟水','101190905'),
(1826,3757,'huaiyinqu','淮阴区','101190906'),
(1827,3757,'huaianqu','淮安区','101190908'),
(1828,3757,'qinghe','清河','101190907'),
(1829,3757,'qingpu','清浦','101190909'),
(1830,3758,'yangzhou','扬州','101190601'),
(1831,3758,'baoying','宝应','101190602'),
(1832,3758,'yizheng','仪征','101190603'),
(1833,3758,'gaoyou','高邮','101190604'),
(1834,3758,'jiangdu','江都','101190605'),
(1835,3758,'hanjiang','邗江','101190606'),
(1836,3758,'guangling','广陵','101190607'),
(1837,3759,'taizhou','泰州','101191201'),
(1838,3759,'xinghua','兴化','101191202'),
(1839,3759,'taixing','泰兴','101191203'),
(1840,3759,'jiangyan','姜堰','101191204'),
(1841,3759,'jingjiang','靖江','101191205'),
(1842,3759,'hailing','海陵','101191206'),
(1843,3759,'gaogang','高港','101191207'),
(1844,3760,'yima','义马','101181705'),
(1845,3760,'lushi','卢氏','101181704'),
(1846,3760,'sanmenxia','三门峡','101181701'),
(1847,3760,'lingbao','灵宝','101181702'),
(1848,3760,'mianchi','渑池','101181703'),
(1849,3760,'shanxian','陕县','101181706'),
(1850,3760,'hubin','湖滨','101181707'),
(1851,3760,'shanzhou','陕州','101181708'),
(1852,3761,'anyang','安阳','101180201'),
(1853,3761,'tangyin','汤阴','101180202'),
(1854,3761,'huaxian','滑县','101180203'),
(1855,3761,'neihuang','内黄','101180204'),
(1856,3761,'linzhou','林州','101180205'),
(1857,3761,'wenfeng','文峰','101180206'),
(1858,3761,'beiguan','北关','101180207'),
(1859,3761,'yindou','殷都','101180208'),
(1860,3761,'longan','龙安','101180209'),
(1861,3762,'gongyi','巩义','101180102'),
(1862,3762,'zhengzhou','郑州','101180101'),
(1863,3762,'xingyang','荥阳','101180103'),
(1864,3762,'dengfeng','登封','101180104'),
(1865,3762,'xinmi','新密','101180105'),
(1866,3762,'xinzheng','新郑','101180106'),
(1867,3762,'zhongmou','中牟','101180107'),
(1868,3762,'shangjie','上街','101180108'),
(1869,3762,'zhongyuan','中原','101180109'),
(1870,3762,'erqi','二七','101180110'),
(1871,3762,'jinshui','金水','101180112'),
(1872,3762,'huiji','惠济','101180113'),
(1873,3762,'guancheng','管城','101180111'),
(1874,3763,'gushi','固始','101180608'),
(1875,3763,'xinyang','信阳','101180601'),
(1876,3763,'xixian','息县','101180602'),
(1877,3763,'luoshan','罗山','101180603'),
(1878,3763,'guangshan','光山','101180604'),
(1879,3763,'huaibin','淮滨','101180606'),
(1880,3763,'huangchuan','潢川','101180607'),
(1881,3763,'shangcheng','商城','101180609'),
(1882,3763,'xinxian','新县','101180605'),
(1883,3763,'shihe','浉河','101180610'),
(1884,3763,'pingqiao','平桥','101180611'),
(1885,3764,'kaifeng','开封','101180801'),
(1886,3764,'qixian','杞县','101180802'),
(1887,3764,'weishi','尉氏','101180803'),
(1888,3764,'tongxu','通许','101180804'),
(1889,3764,'lankao','兰考','101180805'),
(1890,3764,'longting','龙亭','101180806'),
(1891,3764,'shunhe','顺河','101180807'),
(1892,3764,'gulou','鼓楼','101180808'),
(1893,3764,'xiangfu','祥符','101180810'),
(1894,3764,'yuwangtai','禹王台','101180809'),
(1895,3765,'luoyang','洛阳','101180901'),
(1896,3765,'yichuan','伊川','101180906'),
(1897,3765,'yiyang','宜阳','101180904'),
(1898,3765,'mengjin','孟津','101180903'),
(1899,3765,'luoning','洛宁','101180905'),
(1900,3765,'songxian','嵩县','101180907'),
(1901,3765,'yanshi','偃师','101180908'),
(1902,3765,'luanchuan','栾川','101180909'),
(1903,3765,'ruyang','汝阳','101180910'),
(1904,3765,'xinan','新安','101180902'),
(1905,3765,'jili','吉利','101180911'),
(1906,3765,'laocheng','老城','101180912'),
(1907,3765,'xigong','西工','101180913'),
(1908,3765,'chanhe','瀍河','101180914'),
(1909,3765,'jianxi','涧西','101180915'),
(1910,3765,'luolong','洛龙','101180916'),
(1911,3766,'mengzhou','孟州','101181108'),
(1912,3766,'jiaozuo','焦作','101181101'),
(1913,3766,'xiuwu','修武','101181102'),
(1914,3766,'wuzhi','武陟','101181103'),
(1915,3766,'qinyang','沁阳','101181104'),
(1916,3766,'boai','博爱','101181106'),
(1917,3766,'wenxian','温县','101181107'),
(1918,3766,'jiefang','解放','101181105'),
(1919,3766,'macun','马村','101181110'),
(1920,3766,'shanyang','山阳','101181111'),
(1921,3766,'zhongzhan','中站','101181109'),
(1922,3767,'nanyang','南阳','101180701'),
(1923,3767,'nanzhao','南召','101180702'),
(1924,3767,'sheqi','社旗','101180704'),
(1925,3767,'xixia','西峡','101180705'),
(1926,3767,'neixiang','内乡','101180706'),
(1927,3767,'zhenping','镇平','101180707'),
(1928,3767,'xichuan','淅川','101180708'),
(1929,3767,'xinye','新野','101180709'),
(1930,3767,'tanghe','唐河','101180710'),
(1931,3767,'dengzhou','邓州','101180711'),
(1932,3767,'tongbai','桐柏','101180712'),
(1933,3767,'fangcheng','方城','101180703'),
(1934,3767,'wancheng','宛城','101180713'),
(1935,3767,'wolong','卧龙','101180714'),
(1936,3768,'xihua','西华','101181405'),
(1937,3768,'zhoukou','周口','101181401'),
(1938,3768,'fugou','扶沟','101181402'),
(1939,3768,'taikang','太康','101181403'),
(1940,3768,'huaiyang','淮阳','101181404'),
(1941,3768,'shangshui','商水','101181406'),
(1942,3768,'dancheng','郸城','101181408'),
(1943,3768,'luyi','鹿邑','101181409'),
(1944,3768,'shenqiu','沈丘','101181410'),
(1945,3768,'xiangcheng','项城','101181407'),
(1946,3768,'chuanhui','川汇','101181411'),
(1947,3769,'xinxiang','新乡','101180301'),
(1948,3769,'huojia','获嘉','101180302'),
(1949,3769,'yuanyang','原阳','101180303'),
(1950,3769,'weihui','卫辉','101180305'),
(1951,3769,'yanjin','延津','101180306'),
(1952,3769,'fengqiu','封丘','101180307'),
(1953,3769,'changyuan','长垣','101180308'),
(1954,3769,'huixian','辉县','101180304'),
(1955,3769,'hongqi','红旗','101180309'),
(1956,3769,'weibin','卫滨','101180310'),
(1957,3769,'fengquan','凤泉','101180311'),
(1958,3769,'muye','牧野','101180312'),
(1959,3770,'zhumadian','驻马店','101181601'),
(1960,3770,'xiping','西平','101181602'),
(1961,3770,'suiping','遂平','101181603'),
(1962,3770,'shangcai','上蔡','101181604'),
(1963,3770,'runan','汝南','101181605'),
(1964,3770,'biyang','泌阳','101181606'),
(1965,3770,'pingyu','平舆','101181607'),
(1966,3770,'xincai','新蔡','101181608'),
(1967,3770,'queshan','确山','101181609'),
(1968,3770,'zhengyang','正阳','101181610'),
(1969,3770,'yicheng','驿城','101181611'),
(1970,3771,'pingdingshan','平顶山','101180501'),
(1971,3771,'jiaxian','郏县','101180502'),
(1972,3771,'baofeng','宝丰','101180503'),
(1973,3771,'ruzhou','汝州','101180504'),
(1974,3771,'yexian','叶县','101180505'),
(1975,3771,'wugang','舞钢','101180506'),
(1976,3771,'lushan','鲁山','101180507'),
(1977,3771,'shilong','石龙','101180508'),
(1978,3771,'xinhua','新华','101180509'),
(1979,3771,'weidong','卫东','101180510'),
(1980,3771,'zhanhe','湛河','101180511'),
(1981,3772,'hebi','鹤壁','101181201'),
(1982,3772,'xunxian','浚县','101181202'),
(1983,3772,'qixian','淇县','101181203'),
(1984,3772,'shancheng','山城','101181205'),
(1985,3772,'heshan','鹤山','101181204'),
(1986,3772,'qibin','淇滨','101181206'),
(1987,3773,'puyang','濮阳','101181301'),
(1988,3773,'taiqian','台前','101181302'),
(1989,3773,'nanle','南乐','101181303'),
(1990,3773,'qingfeng','清丰','101181304'),
(1991,3773,'fanxian','范县','101181305'),
(1992,3773,'hualong','华龙','101181306'),
(1993,3774,'xuchang','许昌','101180401'),
(1994,3774,'yanling','鄢陵','101180402'),
(1995,3774,'xiangcheng','襄城','101180403'),
(1996,3774,'changge','长葛','101180404'),
(1997,3774,'yuzhou','禹州','101180405'),
(1998,3774,'weidou','魏都','101180406'),
(1999,3775,'luohe','漯河','101181501'),
(2000,3775,'linying','临颍','101181502'),
(2001,3775,'wuyang','舞阳','101181503'),
(2002,3775,'yuanhui','源汇','101181504'),
(2003,3775,'zhaoling','召陵','101181506'),
(2004,3775,'yancheng','郾城','101181505'),
(2005,3776,'shangqiu','商丘','101181001'),
(2006,3776,'suixian','睢县','101181003'),
(2007,3776,'minquan','民权','101181004'),
(2008,3776,'zhecheng','柘城','101181006'),
(2009,3776,'ningling','宁陵','101181007'),
(2010,3776,'xiayi','夏邑','101181008'),
(2011,3776,'yongcheng','永城','101181009'),
(2012,3776,'yucheng','虞城','101181005'),
(2013,3776,'suiyang','睢阳','101181010'),
(2014,3776,'liangyuan','梁园','101181002'),
(2015,3777,'jiyuan','济源','101181801'),
(2016,3778,'anyuan','安源','101240904'),
(2017,3778,'luxi','芦溪','101240905'),
(2018,3778,'lianhua','莲花','101240902'),
(2019,3778,'pingxiang','萍乡','101240901'),
(2020,3778,'xiangdong','湘东','101240906'),
(2021,3778,'shangli','上栗','101240903'),
(2022,3779,'poyang','鄱阳','101240302'),
(2023,3779,'shangrao','上饶','101240301'),
(2024,3779,'wuyuan','婺源','101240303'),
(2025,3779,'yugan','余干','101240305'),
(2026,3779,'wannian','万年','101240306'),
(2027,3779,'dexing','德兴','101240307'),
(2028,3779,'shangraoxian','上饶县','101240308'),
(2029,3779,'hengfeng','横峰','101240310'),
(2030,3779,'yushan','玉山','101240312'),
(2031,3779,'guangfeng','广丰','101240313'),
(2032,3779,'yiyang','弋阳','101240309'),
(2033,3779,'yanshan','铅山','101240311'),
(2034,3779,'xinzhou','信州','101240304'),
(2035,3780,'fengcheng','丰城','101240510'),
(2036,3780,'zhangshu','樟树','101240509'),
(2037,3780,'yichun','宜春','101240501'),
(2038,3780,'tonggu','铜鼓','101240502'),
(2039,3780,'yifeng','宜丰','101240503'),
(2040,3780,'wanzai','万载','101240504'),
(2041,3780,'shanggao','上高','101240505'),
(2042,3780,'jingan','靖安','101240506'),
(2043,3780,'fengxin','奉新','101240507'),
(2044,3780,'gaoan','高安','101240508'),
(2045,3780,'yuanzhou','袁州','101240511'),
(2046,3781,'ganzhou','赣州','101240701'),
(2047,3781,'chongyi','崇义','101240702'),
(2048,3781,'shangyou','上犹','101240703'),
(2049,3781,'nankang','南康','101240704'),
(2050,3781,'dayu','大余','101240705'),
(2051,3781,'ningdu','宁都','101240707'),
(2052,3781,'shicheng','石城','101240708'),
(2053,3781,'ruijin','瑞金','101240709'),
(2054,3781,'yudu','于都','101240710'),
(2055,3781,'huichang','会昌','101240711'),
(2056,3781,'anyuan','安远','101240712'),
(2057,3781,'quannan','全南','101240713'),
(2058,3781,'dingnan','定南','101240715'),
(2059,3781,'xingguo','兴国','101240717'),
(2060,3781,'xinfeng','信丰','101240706'),
(2061,3781,'longnan','龙南','101240714'),
(2062,3781,'xunwu','寻乌','101240716'),
(2063,3781,'ganxian','赣县','101240718'),
(2064,3781,'zhanggong','章贡','101240719'),
(2065,3782,'guangchang','广昌','101240402'),
(2066,3782,'nancheng','南城','101240408'),
(2067,3782,'anle','乐安','101240403'),
(2068,3782,'chongren','崇仁','101240404'),
(2069,3782,'jinxi','金溪','101240405'),
(2070,3782,'zixi','资溪','101240406'),
(2071,3782,'yihuang','宜黄','101240407'),
(2072,3782,'nanfeng','南丰','101240409'),
(2073,3782,'fuzhou','抚州','101240401'),
(2074,3782,'lichuan','黎川','101240410'),
(2075,3782,'dongxiang','东乡','101240411'),
(2076,3782,'linchuan','临川','101240412'),
(2077,3783,'jian','吉安','101240601'),
(2078,3783,'jianxian','吉安县','101240602'),
(2079,3783,'jishui','吉水','101240603'),
(2080,3783,'xiajiang','峡江','101240605'),
(2081,3783,'yongfeng','永丰','101240606'),
(2082,3783,'yongxin','永新','101240607'),
(2083,3783,'jinggangshan','井冈山','101240608'),
(2084,3783,'wanan','万安','101240609'),
(2085,3783,'suichuan','遂川','101240610'),
(2086,3783,'anfu','安福','101240612'),
(2087,3783,'ninggang','宁冈','101240613'),
(2088,3783,'xingan','新干','101240604'),
(2089,3783,'taihe','泰和','101240611'),
(2090,3783,'jizhou','吉州','101240614'),
(2091,3783,'qingyuan','青原','101240615'),
(2092,3784,'jingdezhen','景德镇','101240801'),
(2093,3784,'leping','乐平','101240802'),
(2094,3784,'fuliang','浮梁','101240803'),
(2095,3784,'changjiang','昌江','101240804'),
(2096,3784,'zhushan','珠山','101240805'),
(2097,3785,'jiujiang','九江','101240201'),
(2098,3785,'lushan','庐山','101240203'),
(2099,3785,'xiushui','修水','101240212'),
(2100,3785,'ruichang','瑞昌','101240202'),
(2101,3785,'wuning','武宁','101240204'),
(2102,3785,'dean','德安','101240205'),
(2103,3785,'yongxiu','永修','101240206'),
(2104,3785,'hukou','湖口','101240207'),
(2105,3785,'pengze','彭泽','101240208'),
(2106,3785,'xingzi','星子','101240209'),
(2107,3785,'duchang','都昌','101240210'),
(2108,3785,'xunyang','浔阳','101240211'),
(2109,3785,'gongqingcheng','共青城','101240213'),
(2110,3786,'nanchang','南昌','101240101'),
(2111,3786,'xinjian','新建','101240102'),
(2112,3786,'nanchangxian','南昌县','101240103'),
(2113,3786,'anyi','安义','101240104'),
(2114,3786,'jinxian','进贤','101240105'),
(2115,3786,'donghu','东湖','101240106'),
(2116,3786,'xihu','西湖','101240107'),
(2117,3786,'wanli','湾里','101240109'),
(2118,3786,'qingyunpu','青云谱','101240108'),
(2119,3786,'qingshanhu','青山湖','101240110'),
(2120,3787,'xinyu','新余','101241001'),
(2121,3787,'fenyi','分宜','101241002'),
(2122,3787,'yushui','渝水','101241003'),
(2123,3788,'yingtan','鹰潭','101241101'),
(2124,3788,'yujiang','余江','101241102'),
(2125,3788,'guixi','贵溪','101241103'),
(2126,3788,'yuehu','月湖','101241104'),
(2127,3789,'yunyan','云岩','101260110'),
(2128,3789,'guiyang','贵阳','101260101'),
(2129,3789,'kaiyang','开阳','101260106'),
(2130,3789,'baiyun','白云','101260102'),
(2131,3789,'huaxi','花溪','101260103'),
(2132,3789,'wudang','乌当','101260104'),
(2133,3789,'xifeng','息烽','101260105'),
(2134,3789,'xiuwen','修文','101260107'),
(2135,3789,'qingzhen','清镇','101260108'),
(2136,3789,'nanming','南明','101260111'),
(2137,3789,'xiaohe','小河','101260109'),
(2138,3789,'guanshanhu','观山湖','101260112'),
(2139,3790,'anshun','安顺','101260301'),
(2140,3790,'puding','普定','101260302'),
(2141,3790,'zhenning','镇宁','101260303'),
(2142,3790,'pingba','平坝','101260304'),
(2143,3790,'ziyun','紫云','101260305'),
(2144,3790,'guanling','关岭','101260306'),
(2145,3790,'xixiu','西秀','101260307'),
(2146,3791,'bijie','毕节','101260701'),
(2147,3791,'weining','威宁','101260704'),
(2148,3791,'hezhang','赫章','101260702'),
(2149,3791,'jinsha','金沙','101260703'),
(2150,3791,'dafang','大方','101260705'),
(2151,3791,'nayong','纳雍','101260706'),
(2152,3791,'zhijin','织金','101260707'),
(2153,3791,'qianxi','黔西','101260708'),
(2154,3791,'qixingguan','七星关','101260709'),
(2155,3792,'dushan','独山','101260410'),
(2156,3792,'guiding','贵定','101260402'),
(2157,3792,'longli','龙里','101260407'),
(2158,3792,'luodian','罗甸','101260408'),
(2159,3792,'duyun','都匀','101260401'),
(2160,3792,'wengan','瓮安','101260403'),
(2161,3792,'changshun','长顺','101260404'),
(2162,3792,'fuquan','福泉','101260405'),
(2163,3792,'huishui','惠水','101260406'),
(2164,3792,'pingtang','平塘','101260409'),
(2165,3792,'sandu','三都','101260411'),
(2166,3792,'libo','荔波','101260412'),
(2167,3792,'qiannan','黔南','101260413'),
(2168,3793,'rongjiang','榕江','101260516'),
(2169,3793,'kaili','凯里','101260501'),
(2170,3793,'cengong','岑巩','101260502'),
(2171,3793,'shibing','施秉','101260503'),
(2172,3793,'zhenyuan','镇远','101260504'),
(2173,3793,'huangping','黄平','101260505'),
(2174,3793,'majiang','麻江','101260507'),
(2175,3793,'danzhai','丹寨','101260508'),
(2176,3793,'taijiang','台江','101260510'),
(2177,3793,'jianhe','剑河','101260511'),
(2178,3793,'leishan','雷山','101260512'),
(2179,3793,'liping','黎平','101260513'),
(2180,3793,'tianzhu','天柱','101260514'),
(2181,3793,'jinping','锦屏','101260515'),
(2182,3793,'congjiang','从江','101260517'),
(2183,3793,'sansui','三穗','101260509'),
(2184,3793,'qiandongnan','黔东南','101260506'),
(2185,3794,'sinan','思南','101260605'),
(2186,3794,'tongren','铜仁','101260601'),
(2187,3794,'jiangkou','江口','101260602'),
(2188,3794,'yuping','玉屏','101260603'),
(2189,3794,'wanshan','万山','101260604'),
(2190,3794,'yinjiang','印江','101260607'),
(2191,3794,'shiqian','石阡','101260608'),
(2192,3794,'yanhe','沿河','101260609'),
(2193,3794,'dejiang','德江','101260610'),
(2194,3794,'songtao','松桃','101260611'),
(2195,3794,'bijiang','碧江','101260606'),
(2196,3795,'xingren','兴仁','101260903'),
(2197,3795,'qinglong','晴隆','101260902'),
(2198,3795,'zhenfeng','贞丰','101260904'),
(2199,3795,'anlong','安龙','101260907'),
(2200,3795,'ceheng','册亨','101260908'),
(2201,3795,'puan','普安','101260909'),
(2202,3795,'xingyi','兴义','101260901'),
(2203,3795,'wangmo','望谟','101260905'),
(2204,3795,'qianxinan','黔西南','101260906'),
(2205,3796,'zunyi','遵义','101260201'),
(2206,3796,'zunyixian','遵义县','101260202'),
(2207,3796,'renhuai','仁怀','101260203'),
(2208,3796,'suiyang','绥阳','101260204'),
(2209,3796,'meitan','湄潭','101260205'),
(2210,3796,'fenggang','凤冈','101260206'),
(2211,3796,'tongzi','桐梓','101260207'),
(2212,3796,'chishui','赤水','101260208'),
(2213,3796,'xishui','习水','101260209'),
(2214,3796,'daozhen','道真','101260210'),
(2215,3796,'zhengan','正安','101260211'),
(2216,3796,'wuchuan','务川','101260212'),
(2217,3796,'yuqing','余庆','101260213'),
(2218,3796,'huichuan','汇川','101260214'),
(2219,3796,'honghuagang','红花岗','101260215'),
(2220,3796,'bozhou','播州','101260216'),
(2221,3797,'liuzhi','六枝','101260802'),
(2222,3797,'panxian','盘县','101260804'),
(2223,3797,'shuicheng','水城','101260801'),
(2224,3797,'liupanshui','六盘水','101260803'),
(2225,3797,'zhongshan','钟山','101260805'),
(2226,3798,'zhongsha','中沙','101310224'),
(2227,3799,'danzhou','儋州','101310205'),
(2228,3800,'dongfang','东方','101310202'),
(2229,3801,'haikou','海口','101310101'),
(2230,3801,'xiuying','秀英','101310102'),
(2231,3801,'longhua','龙华','101310103'),
(2232,3801,'qiongshan','琼山','101310104'),
(2233,3801,'meilan','美兰','101310105'),
(2234,3802,'qionghai','琼海','101310211'),
(2235,3803,'sanya','三亚','101310201'),
(2236,3803,'haitang','海棠','101310213'),
(2237,3803,'jiyang','吉阳','101310218'),
(2238,3803,'tianya','天涯','101310219'),
(2239,3804,'wenchang','文昌','101310212'),
(2240,3805,'wanning','万宁','101310215'),
(2241,3806,'dingan','定安','101310209'),
(2242,3807,'tunchang','屯昌','101310210'),
(2243,3808,'chengmai','澄迈','101310204'),
(2244,3809,'baisha','白沙','101310207'),
(2245,3810,'lingao','临高','101310203'),
(2246,3811,'lingshui','陵水','101310216'),
(2247,3812,'qiongzhong','琼中','101310208'),
(2248,3813,'baoting','保亭','101310214'),
(2249,3814,'ledong','乐东','101310221'),
(2250,3815,'changjiang','昌江','101310206'),
(2251,3816,'wuzhishan','五指山','101310222'),
(2252,3817,'xisha','西沙','101310217'),
(2253,3818,'nansha','南沙','101310220'),
(2254,3819,'sansha','三沙','101310301'),
(2255,3819,'nanzidao','南子岛','101310230'),
(2256,3820,'xinzhu','新竹','101340103'),
(2257,3820,'yilan','宜兰','101340104'),
(2258,3820,'taibeixian','台北','101340101'),
(2259,3820,'taoyuan','桃园','101340102'),
(2260,3821,'jiayi','嘉义','101340202'),
(2261,3821,'tainan','台南','101340203'),
(2262,3821,'taidong','台东','101340204'),
(2263,3821,'gaoxiong','高雄','101340201'),
(2264,3821,'pingdong','屏东','101340205'),
(2265,3822,'miaoli','苗栗','101340402'),
(2266,3822,'nantou','南投','101340404'),
(2267,3822,'hualian','花莲','101340405'),
(2268,3822,'yunlin','云林','101340406'),
(2269,3822,'taizhong','台中','101340401'),
(2270,3822,'zhanghua','彰化','101340403'),
(2271,3823,'beijing','北京','101010100'),
(2272,3823,'changping','昌平','101010700'),
(2273,3823,'daxing','大兴','101011100'),
(2274,3823,'fengtai','丰台','101010900'),
(2275,3823,'miyun','密云','101011300'),
(2276,3823,'chaoyang','朝阳','101010300'),
(2277,3823,'shunyi','顺义','101010400'),
(2278,3823,'huairou','怀柔','101010500'),
(2279,3823,'tongzhou','通州','101010600'),
(2280,3823,'yanqing','延庆','101010800'),
(2281,3823,'shijingshan','石景山','101011000'),
(2282,3823,'fangshan','房山','101011200'),
(2283,3823,'mentougou','门头沟','101011400'),
(2284,3823,'pinggu','平谷','101011500'),
(2285,3823,'haidian','海淀','101010200'),
(2286,3823,'dongcheng','东城','101011600'),
(2287,3824,'xicheng','西城','101011700'),
(2288,3825,'chongqing','重庆','101040100'),
(2289,3825,'fengjie','奉节','101041900'),
(2290,3825,'hechuan','合川','101040300'),
(2291,3825,'jiangjin','江津','101040500'),
(2292,3825,'liangping','梁平','101042300'),
(2293,3825,'yongchuan','永川','101040200'),
(2294,3825,'youyang','酉阳','101043400'),
(2295,3825,'nanchuan','南川','101040400'),
(2296,3825,'wansheng','万盛','101040600'),
(2297,3825,'yubei','渝北','101040700'),
(2298,3825,'beibei','北碚','101040800'),
(2299,3825,'banan','巴南','101040900'),
(2300,3825,'changshou','长寿','101041000'),
(2301,3825,'qianjiang','黔江','101041100'),
(2302,3825,'wanzhou','万州','101041300'),
(2303,3825,'fuling','涪陵','101041400'),
(2304,3825,'kaixian','开县','101041500'),
(2305,3825,'chengkou','城口','101041600'),
(2306,3825,'yunyang','云阳','101041700'),
(2307,3825,'wuxi','巫溪','101041800'),
(2308,3825,'wushan','巫山','101042000'),
(2309,3825,'tongnan','潼南','101042100'),
(2310,3825,'dianjiang','垫江','101042200'),
(2311,3825,'zhongxian','忠县','101042400'),
(2312,3825,'shizhu','石柱','101042500'),
(2313,3825,'dazu','大足','101042600'),
(2314,3825,'rongchang','荣昌','101042700'),
(2315,3825,'tongliang','铜梁','101042800'),
(2316,3825,'fengdu','丰都','101043000'),
(2317,3825,'wulong','武隆','101043100'),
(2318,3825,'pengshui','彭水','101043200'),
(2319,3825,'qijiang','綦江','101043300'),
(2320,3825,'xiushan','秀山','101043600'),
(2321,3825,'bishan','璧山','101042900'),
(2322,3826,'yuzhong','渝中','101041200'),
(2323,3827,'nanan','南岸','101044000'),
(2324,3828,'kaizhou','开州','101044100'),
(2325,3829,'dadukou','大渡口','101043500'),
(2326,3830,'shapingba','沙坪坝','101043800'),
(2327,3831,'jiulongpo','九龙坡','101043900'),
(2328,3832,'jiangbei','江北','101043700'),
(2329,3833,'heihe','黑河','101050601'),
(2330,3833,'nenjiang','嫩江','101050602'),
(2331,3833,'sunwu','孙吴','101050603'),
(2332,3833,'xunke','逊克','101050604'),
(2333,3833,'wudalianchi','五大连池','101050605'),
(2334,3833,'beian','北安','101050606'),
(2335,3833,'aihui','爱辉','101050607'),
(2336,3834,'anda','安达','101050503'),
(2337,3834,'hailun','海伦','101050504'),
(2338,3834,'suihua','绥化','101050501'),
(2339,3834,'zhaodong','肇东','101050502'),
(2340,3834,'mingshui','明水','101050505'),
(2341,3834,'wangkui','望奎','101050506'),
(2342,3834,'qinggang','青冈','101050508'),
(2343,3834,'qingan','庆安','101050509'),
(2344,3834,'suiling','绥棱','101050510'),
(2345,3834,'lanxi','兰西','101050507'),
(2346,3834,'beilin','北林','101050511'),
(2347,3835,'baoqing','宝清','101051303'),
(2348,3835,'shuangyashan','双鸭山','101051301'),
(2349,3835,'jixian','集贤','101051302'),
(2350,3835,'raohe','饶河','101051304'),
(2351,3835,'youyi','友谊','101051305'),
(2352,3835,'sifangtai','四方台','101051308'),
(2353,3835,'jianshan','尖山','101051306'),
(2354,3835,'lingdong','岭东','101051307'),
(2355,3835,'baoshan','宝山','101051309'),
(2356,3836,'fujin','富锦','101050407'),
(2357,3836,'jiamusi','佳木斯','101050401'),
(2358,3836,'tangyuan','汤原','101050402'),
(2359,3836,'fuyuan','抚远','101050403'),
(2360,3836,'huachuan','桦川','101050404'),
(2361,3836,'tongjiang','同江','101050406'),
(2362,3836,'huanan','桦南','101050405'),
(2363,3836,'xiangyang','向阳','101050408'),
(2364,3836,'qianjin','前进','101050409'),
(2365,3836,'dongfeng','东风','101050410'),
(2366,3836,'jiaoqu','郊区','101050411'),
(2367,3837,'haerbin','哈尔滨','101050101'),
(2368,3837,'hulan','呼兰','101050103'),
(2369,3837,'shangzhi','尚志','101050111'),
(2370,3837,'shuangcheng','双城','101050102'),
(2371,3837,'binxian','宾县','101050105'),
(2372,3837,'yilan','依兰','101050106'),
(2373,3837,'bayan','巴彦','101050107'),
(2374,3837,'fangzheng','方正','101050109'),
(2375,3837,'yanshou','延寿','101050110'),
(2376,3837,'wuchang','五常','101050112'),
(2377,3837,'mulan','木兰','101050113'),
(2378,3837,'tonghe','通河','101050108'),
(2379,3837,'acheng','阿城','101050104'),
(2380,3837,'daoli','道里','101050114'),
(2381,3837,'nangang','南岗','101050115'),
(2382,3837,'daowai','道外','101050116'),
(2383,3837,'pingfang','平房','101050117'),
(2384,3837,'songbei','松北','101050118'),
(2385,3837,'xiangfang','香坊','101050119'),
(2386,3838,'hulin','虎林','101051102'),
(2387,3838,'jixi','鸡西','101051101'),
(2388,3838,'mishan','密山','101051103'),
(2389,3838,'jidong','鸡东','101051104'),
(2390,3838,'hengshan','恒山','101051106'),
(2391,3838,'chengzihe','城子河','101051109'),
(2392,3838,'jiguan','鸡冠','101051105'),
(2393,3838,'lishu','梨树','101051108'),
(2394,3838,'didao','滴道','101051107'),
(2395,3838,'mashan','麻山','101051110'),
(2396,3839,'huma','呼玛','101050704'),
(2397,3839,'mohe','漠河','101050703'),
(2398,3839,'tahe','塔河','101050702'),
(2399,3839,'huzhong','呼中','101050705'),
(2400,3839,'xinlin','新林','101050706'),
(2401,3839,'daxinganling','大兴安岭','101050701'),
(2402,3839,'jiagedaqi','加格达奇','101050708'),
(2403,3840,'keshan','克山','101050208'),
(2404,3840,'qiqihaer','齐齐哈尔','101050201'),
(2405,3840,'tailai','泰来','101050210'),
(2406,3840,'nehe','讷河','101050202'),
(2407,3840,'longjiang','龙江','101050203'),
(2408,3840,'gannan','甘南','101050204'),
(2409,3840,'fuyu','富裕','101050205'),
(2410,3840,'yian','依安','101050206'),
(2411,3840,'baiquan','拜泉','101050207'),
(2412,3840,'kedong','克东','101050209'),
(2413,3840,'angangxi','昂昂溪','101050214'),
(2414,3840,'fulaerji','富拉尔基','101050215'),
(2415,3840,'nianzishan','碾子山','101050216'),
(2416,3840,'meilisi','梅里斯','101050217'),
(2417,3840,'longsha','龙沙','101050211'),
(2418,3840,'jianhua','建华','101050212'),
(2419,3840,'tiefeng','铁锋','101050213'),
(2420,3841,'mudanjiang','牡丹江','101050301'),
(2421,3841,'suifenhe','绥芬河','101050305'),
(2422,3841,'hailin','海林','101050302'),
(2423,3841,'muling','穆棱','101050303'),
(2424,3841,'linkou','林口','101050304'),
(2425,3841,'ningan','宁安','101050306'),
(2426,3841,'dongning','东宁','101050307'),
(2427,3841,'dongan','东安','101050308'),
(2428,3841,'yangming','阳明','101050309'),
(2429,3841,'aimin','爱民','101050310'),
(2430,3841,'xian','西安','101050311'),
(2431,3842,'yichun','伊春','101050801'),
(2432,3842,'wuyiling','乌伊岭','101050802'),
(2433,3842,'wuying','五营','101050803'),
(2434,3842,'tieli','铁力','101050804'),
(2435,3842,'jiayin','嘉荫','101050805'),
(2436,3842,'jinshantun','金山屯','101050812'),
(2437,3842,'wumahe','乌马河','101050813'),
(2438,3842,'tangwanghe','汤旺河','101050814'),
(2439,3842,'dailing','带岭','101050815'),
(2440,3842,'hongxing','红星','101050816'),
(2441,3842,'shangganling','上甘岭','101050817'),
(2442,3842,'cuiluan','翠峦','101050809'),
(2443,3842,'xinqing','新青','101050810'),
(2444,3842,'youhao','友好','101050807'),
(2445,3842,'nancha','南岔','101050806'),
(2446,3842,'xilin','西林','101050808'),
(2447,3842,'meixi','美溪','101050811'),
(2448,3843,'daqing','大庆','101050901'),
(2449,3843,'lindian','林甸','101050902'),
(2450,3843,'zhaozhou','肇州','101050903'),
(2451,3843,'zhaoyuan','肇源','101050904'),
(2452,3843,'duerbote','杜尔伯特','101050905'),
(2453,3843,'saertu','萨尔图','101050906'),
(2454,3843,'longfeng','龙凤','101050907'),
(2455,3843,'ranghulu','让胡路','101050908'),
(2456,3843,'honggang','红岗','101050909'),
(2457,3843,'datong','大同','101050910'),
(2458,3844,'qitaihe','七台河','101051002'),
(2459,3844,'boli','勃利','101051003'),
(2460,3844,'taoshan','桃山','101051004'),
(2461,3844,'qiezihe','茄子河','101051005'),
(2462,3844,'xinxing','新兴','101051001'),
(2463,3845,'hegang','鹤岗','101051201'),
(2464,3845,'suibin','绥滨','101051202'),
(2465,3845,'luobei','萝北','101051203'),
(2466,3845,'xiangyang','向阳','101051204'),
(2467,3845,'gongnong','工农','101051205'),
(2468,3845,'nanshan','南山','101051206'),
(2469,3845,'dongshan','东山','101051208'),
(2470,3845,'xingshan','兴山','101051209'),
(2471,3845,'xingan','兴安','101051207'),
(2472,3846,'anshan','鞍山','101070301'),
(2473,3846,'haicheng','海城','101070304'),
(2474,3846,'taian','台安','101070302'),
(2475,3846,'xiuyan','岫岩','101070303'),
(2476,3846,'tiedong','铁东','101070305'),
(2477,3846,'lishan','立山','101070307'),
(2478,3846,'qianshan','千山','101070308'),
(2479,3846,'tiexi','铁西','101070306'),
(2480,3847,'benxi','本溪','101070501'),
(2481,3847,'benxixian','本溪县','101070502'),
(2482,3847,'huanren','桓仁','101070504'),
(2483,3847,'pingshan','平山','101070503'),
(2484,3847,'xihu','溪湖','101070505'),
(2485,3847,'mingshan','明山','101070506'),
(2486,3847,'nanfen','南芬','101070507'),
(2487,3848,'chaoyang','朝阳','101071201'),
(2488,3848,'lingyuan','凌源','101071203'),
(2489,3848,'beipiao','北票','101071205'),
(2490,3848,'jianpingxian','建平县','101071207'),
(2491,3848,'kazuo','喀左','101071204'),
(2492,3848,'shuangta','双塔','101071202'),
(2493,3848,'longcheng','龙城','101071206'),
(2494,3849,'dalian','大连','101070201'),
(2495,3849,'jinzhou','金州','101070203'),
(2496,3849,'lvshun','旅顺','101070205'),
(2497,3849,'wafangdian','瓦房店','101070202'),
(2498,3849,'pulandian','普兰店','101070204'),
(2499,3849,'changhai','长海','101070206'),
(2500,3849,'zhuanghe','庄河','101070207'),
(2501,3849,'xigang','西岗','101070209'),
(2502,3849,'ganjingzi','甘井子','101070211'),
(2503,3849,'zhongshan','中山','101070208'),
(2504,3849,'shahekou','沙河口','101070210'),
(2505,3850,'dandong','丹东','101070601'),
(2506,3850,'kuandian','宽甸','101070603'),
(2507,3850,'fengcheng','凤城','101070602'),
(2508,3850,'donggang','东港','101070604'),
(2509,3850,'yuanbao','元宝','101070605'),
(2510,3850,'zhenan','振安','101070607'),
(2511,3850,'zhenxing','振兴','101070606'),
(2512,3851,'fushun','抚顺','101070401'),
(2513,3851,'qingyuan','清原','101070403'),
(2514,3851,'zhangdang','章党','101070404'),
(2515,3851,'xinbin','新宾','101070402'),
(2516,3851,'xinfu','新抚','101070405'),
(2517,3851,'dongzhou','东洲','101070406'),
(2518,3851,'wanghua','望花','101070407'),
(2519,3851,'shuncheng','顺城','101070408'),
(2520,3852,'liaoyang','辽阳','101071001'),
(2521,3852,'liaoyangxian','辽阳县','101071002'),
(2522,3852,'dengta','灯塔','101071003'),
(2523,3852,'gongchangling','弓长岭','101071004'),
(2524,3852,'baita','白塔','101071005'),
(2525,3852,'hongwei','宏伟','101071007'),
(2526,3852,'taizihe','太子河','101071008'),
(2527,3852,'wensheng','文圣','101071006'),
(2528,3853,'shenyang','沈阳','101070101'),
(2529,3853,'liaozhong','辽中','101070103'),
(2530,3853,'kangping','康平','101070104'),
(2531,3853,'faku','法库','101070105'),
(2532,3853,'xinmin','新民','101070106'),
(2533,3853,'hunnan','浑南','101070102'),
(2534,3853,'heping','和平','101070107'),
(2535,3853,'shenhe','沈河','101070108'),
(2536,3853,'dadong','大东','101070109'),
(2537,3853,'huanggu','皇姑','101070110'),
(2538,3853,'tiexi','铁西','101070111'),
(2539,3853,'yuhong','于洪','101070114'),
(2540,3853,'shenbeixinqu','沈北新区','101070113'),
(2541,3853,'sujiatun','苏家屯','101070112'),
(2542,3853,'dongling','东陵','101070115'),
(2543,3854,'tieling','铁岭','101071101'),
(2544,3854,'kaiyuan','开原','101071102'),
(2545,3854,'changtu','昌图','101071103'),
(2546,3854,'xifeng','西丰','101071104'),
(2547,3854,'tiefa','调兵山','101071105'),
(2548,3854,'yinzhou','银州','101071106'),
(2549,3854,'qinghe','清河','101071107'),
(2550,3855,'yingkou','营口','101070801'),
(2551,3855,'dashiqiao','大石桥','101070802'),
(2552,3855,'gaizhou','盖州','101070803'),
(2553,3855,'zhanqian','站前','101070804'),
(2554,3855,'xishi','西市','101070805'),
(2555,3855,'laobian','老边','101070807'),
(2556,3855,'bayuquan','鲅鱼圈','101070806'),
(2557,3856,'zhangwu','彰武','101070902'),
(2558,3856,'fuxin','阜新','101070901'),
(2559,3856,'haizhou','海州','101070903'),
(2560,3856,'xinqiu','新邱','101070904'),
(2561,3856,'taiping','太平','101070905'),
(2562,3856,'xihe','细河','101070907'),
(2563,3856,'qinghemen','清河门','101070906'),
(2564,3857,'linghai','凌海','101070702'),
(2565,3857,'beizhen','北镇','101070706'),
(2566,3857,'heishan','黑山','101070705'),
(2567,3857,'jinzhou','锦州','101070701'),
(2568,3857,'yixian','义县','101070704'),
(2569,3857,'guta','古塔','101070703'),
(2570,3857,'linghe','凌河','101070707'),
(2571,3857,'taihe','太和','101070708'),
(2572,3858,'panjin','盘锦','101071301'),
(2573,3858,'dawa','大洼','101071302'),
(2574,3858,'panshan','盘山','101071303'),
(2575,3858,'shuangtaizi','双台子','101071304'),
(2576,3858,'xinglongtai','兴隆台','101071305'),
(2577,3859,'huludao','葫芦岛','101071401'),
(2578,3859,'jianchang','建昌','101071402'),
(2579,3859,'suizhong','绥中','101071403'),
(2580,3859,'xingcheng','兴城','101071404'),
(2581,3859,'lianshan','连山','101071405'),
(2582,3859,'longgang','龙港','101071406'),
(2583,3859,'nanpiao','南票','101071407'),
(2584,3860,'yanchi','盐池','101170303'),
(2585,3860,'wuzhong','吴忠','101170301'),
(2586,3860,'tongxin','同心','101170302'),
(2587,3860,'qingtongxia','青铜峡','101170306'),
(2588,3860,'litong','利通','101170304'),
(2589,3860,'hongsibao','红寺堡','101170305'),
(2590,3861,'yinchuan','银川','101170101'),
(2591,3861,'yongning','永宁','101170102'),
(2592,3861,'lingwu','灵武','101170103'),
(2593,3861,'helan','贺兰','101170104'),
(2594,3861,'xixia','西夏','101170106'),
(2595,3861,'xingqing','兴庆','101170105'),
(2596,3861,'jinfeng','金凤','101170107'),
(2597,3862,'zhongning','中宁','101170502'),
(2598,3862,'zhongwei','中卫','101170501'),
(2599,3862,'haiyuan','海原','101170504'),
(2600,3862,'shapotou','沙坡头','101170503'),
(2601,3863,'shizuishan','石嘴山','101170201'),
(2602,3863,'huinong','惠农','101170202'),
(2603,3863,'pingluo','平罗','101170203'),
(2604,3863,'taole','陶乐','101170204'),
(2605,3863,'dawukou','大武口','101170205'),
(2606,3864,'guyuan','固原','101170401'),
(2607,3864,'xiji','西吉','101170402'),
(2608,3864,'longde','隆德','101170403'),
(2609,3864,'jinyuan','泾源','101170404'),
(2610,3864,'pengyang','彭阳','101170406'),
(2611,3864,'yuanzhou','原州','101170405'),
(2612,3865,'changdao','长岛','101120503'),
(2613,3865,'haiyang','海阳','101120511'),
(2614,3865,'longkou','龙口','101120505'),
(2615,3865,'yantai','烟台','101120501'),
(2616,3865,'laizhou','莱州','101120502'),
(2617,3865,'penglai','蓬莱','101120504'),
(2618,3865,'zhaoyuan','招远','101120506'),
(2619,3865,'qixia','栖霞','101120507'),
(2620,3865,'fushan','福山','101120508'),
(2621,3865,'moup','牟平','101120509'),
(2622,3865,'laiyang','莱阳','101120510'),
(2623,3865,'zhifu','芝罘','101120512'),
(2624,3865,'laishan','莱山','101120513'),
(2625,3866,'dingtao','定陶','101121005'),
(2626,3866,'heze','菏泽','101121001'),
(2627,3866,'juancheng','鄄城','101121002'),
(2628,3866,'yuncheng','郓城','101121003'),
(2629,3866,'dongming','东明','101121004'),
(2630,3866,'juye','巨野','101121006'),
(2631,3866,'caoxian','曹县','101121007'),
(2632,3866,'chengwu','成武','101121008'),
(2633,3866,'shanxian','单县','101121009'),
(2634,3866,'mudan','牡丹','101121010'),
(2635,3867,'huimin','惠民','101121105'),
(2636,3867,'binzhou','滨州','101121101'),
(2637,3867,'boxing','博兴','101121102'),
(2638,3867,'wudi','无棣','101121103'),
(2639,3867,'yangxin','阳信','101121104'),
(2640,3867,'zhanhua','沾化','101121106'),
(2641,3867,'zouping','邹平','101121107'),
(2642,3867,'bincheng','滨城','101121108'),
(2643,3868,'jiaozhou','胶州','101120205'),
(2644,3868,'qingdao','青岛','101120201'),
(2645,3868,'laoshan','崂山','101120202'),
(2646,3868,'jimo','即墨','101120204'),
(2647,3868,'laixi','莱西','101120207'),
(2648,3868,'pingdu','平度','101120208'),
(2649,3868,'huangdao','黄岛','101120206'),
(2650,3868,'shinan','市南','101120203'),
(2651,3868,'shibei','市北','101120209'),
(2652,3868,'licang','李沧','101120210'),
(2653,3868,'chengyang','城阳','101120211'),
(2654,3869,'jinan','济南','101120101'),
(2655,3869,'pingyin','平阴','101120105'),
(2656,3869,'zhangqiu','章丘','101120104'),
(2657,3869,'changqing','长清','101120102'),
(2658,3869,'shanghe','商河','101120103'),
(2659,3869,'jiyang','济阳','101120106'),
(2660,3869,'lixia','历下','101120107'),
(2661,3869,'huaiyin','槐荫','101120109'),
(2662,3869,'tianqiao','天桥','101120110'),
(2663,3869,'licheng','历城','101120111'),
(2664,3869,'shizhong','市中','101120108'),
(2665,3870,'lingxian','陵县','101120404'),
(2666,3870,'yucheng','禹城','101120411'),
(2667,3870,'dezhou','德州','101120401'),
(2668,3870,'wucheng','武城','101120402'),
(2669,3870,'linyi','临邑','101120403'),
(2670,3870,'qihe','齐河','101120405'),
(2671,3870,'leling','乐陵','101120406'),
(2672,3870,'qingyun','庆云','101120407'),
(2673,3870,'pingyuan','平原','101120408'),
(2674,3870,'ningjin','宁津','101120409'),
(2675,3870,'xiajin','夏津','101120410'),
(2676,3870,'decheng','德城','101120412'),
(2677,3870,'lingcheng','陵城','101120413'),
(2678,3871,'rizhao','日照','101121501'),
(2679,3871,'wulian','五莲','101121502'),
(2680,3871,'juxian','莒县','101121503'),
(2681,3871,'donggang','东港','101121504'),
(2682,3871,'lanshan','岚山','101121505'),
(2683,3872,'weifang','潍坊','101120601'),
(2684,3872,'qingzhou','青州','101120602'),
(2685,3872,'shouguang','寿光','101120603'),
(2686,3872,'linqu','临朐','101120604'),
(2687,3872,'changle','昌乐','101120605'),
(2688,3872,'changyi','昌邑','101120606'),
(2689,3872,'anqiu','安丘','101120607'),
(2690,3872,'gaomi','高密','101120608'),
(2691,3872,'zhucheng','诸城','101120609'),
(2692,3872,'hanting','寒亭','101120611'),
(2693,3872,'fangzi','坊子','101120612'),
(2694,3872,'kuiwen','奎文','101120613'),
(2695,3872,'weicheng','潍城','101120610'),
(2696,3873,'shenxian','莘县','101121709'),
(2697,3873,'liaocheng','聊城','101121701'),
(2698,3873,'guanxian','冠县','101121702'),
(2699,3873,'yanggu','阳谷','101121703'),
(2700,3873,'gaotang','高唐','101121704'),
(2701,3873,'chiping','茌平','101121705'),
(2702,3873,'donge','东阿','101121706'),
(2703,3873,'linqing','临清','101121707'),
(2704,3873,'dongchangfu','东昌府','101121708'),
(2705,3874,'yanzhou','兖州','101120705'),
(2706,3874,'jining','济宁','101120701'),
(2707,3874,'jiaxiang','嘉祥','101120702'),
(2708,3874,'weishan','微山','101120703'),
(2709,3874,'yutai','鱼台','101120704'),
(2710,3874,'jinxiang','金乡','101120706'),
(2711,3874,'wenshang','汶上','101120707'),
(2712,3874,'sishui','泗水','101120708'),
(2713,3874,'liangshan','梁山','101120709'),
(2714,3874,'qufu','曲阜','101120710'),
(2715,3874,'zoucheng','邹城','101120711'),
(2716,3874,'rencheng','任城','101120712'),
(2717,3875,'yiyuan','沂源','101120306'),
(2718,3875,'zhoucun','周村','101120305'),
(2719,3875,'zibo','淄博','101120301'),
(2720,3875,'zichuan','淄川','101120302'),
(2721,3875,'boshan','博山','101120303'),
(2722,3875,'gaoqing','高青','101120304'),
(2723,3875,'huantai','桓台','101120307'),
(2724,3875,'linzi','临淄','101120308'),
(2725,3875,'zhangdian','张店','101120309'),
(2726,3876,'zaozhuang','枣庄','101121401'),
(2727,3876,'xuecheng','薛城','101121402'),
(2728,3876,'yicheng','峄城','101121403'),
(2729,3876,'taierzhuang','台儿庄','101121404'),
(2730,3876,'tengzhou','滕州','101121405'),
(2731,3876,'shanting','山亭','101121407'),
(2732,3876,'shizhong','市中','101121406'),
(2733,3877,'dongying','东营','101121201'),
(2734,3877,'hekou','河口','101121202'),
(2735,3877,'kenli','垦利','101121203'),
(2736,3877,'lijin','利津','101121204'),
(2737,3877,'guangrao','广饶','101121205'),
(2738,3878,'taian','泰安','101120801'),
(2739,3878,'xintai','新泰','101120802'),
(2740,3878,'feicheng','肥城','101120804'),
(2741,3878,'dongping','东平','101120805'),
(2742,3878,'ningyang','宁阳','101120806'),
(2743,3878,'taishan','泰山','101120803'),
(2744,3878,'daiyue','岱岳','101120807'),
(2745,3879,'weihai','威海','101121301'),
(2746,3879,'wendeng','文登','101121302'),
(2747,3879,'rongcheng','荣成','101121303'),
(2748,3879,'rushan','乳山','101121304'),
(2749,3879,'chengshantou','成山头','101121305'),
(2750,3879,'shidao','石岛','101121306'),
(2751,3879,'huancui','环翠','101121307'),
(2752,3880,'laiwu','莱芜','101121601'),
(2753,3880,'laicheng','莱城','101121602'),
(2754,3880,'gangcheng','钢城','101121603'),
(2755,3881,'linyi','临沂','101120901'),
(2756,3881,'junan','莒南','101120902'),
(2757,3881,'yinan','沂南','101120903'),
(2758,3881,'linshu','临沭','101120905'),
(2759,3881,'tancheng','郯城','101120906'),
(2760,3881,'mengyin','蒙阴','101120907'),
(2761,3881,'pingyi','平邑','101120908'),
(2762,3881,'feixian','费县','101120909'),
(2763,3881,'yishui','沂水','101120910'),
(2764,3881,'lanling','兰陵','101120904'),
(2765,3881,'lanshan','兰山','101120911'),
(2766,3881,'luozhuang','罗庄','101120912'),
(2767,3881,'hedong','河东','101120913'),
(2768,3882,'minhang','闵行','101020200'),
(2769,3882,'shanghai','上海','101020100'),
(2770,3882,'baoshan','宝山','101020300'),
(2771,3882,'jiading','嘉定','101020500'),
(2772,3882,'jinshan','金山','101020700'),
(2773,3882,'qingpu','青浦','101020800'),
(2774,3882,'songjiang','松江','101020900'),
(2775,3882,'fengxian','奉贤','101021000'),
(2776,3882,'chongming','崇明','101021100'),
(2777,3882,'pudongxinqu','浦东新区','101020600'),
(2778,3882,'xuhui','徐汇','101021200'),
(2779,3883,'huangpu','黄浦','101020400'),
(2780,3884,'jingan','静安','101021400'),
(2781,3885,'hongkou','虹口','101021600'),
(2782,3886,'yangpu','杨浦','101021700'),
(2783,3887,'putuo','普陀','101021500'),
(2784,3888,'changning','长宁','101021300'),
(2785,3889,'maerkang','马尔康','101271910'),
(2786,3889,'nuoergai','若尔盖','101271912'),
(2787,3889,'songfan','松潘','101271905'),
(2788,3889,'aba','阿坝','101271901'),
(2789,3889,'wenchuan','汶川','101271902'),
(2790,3889,'maoxian','茂县','101271904'),
(2791,3889,'jiuzhaigou','九寨沟','101271906'),
(2792,3889,'jinchuan','金川','101271907'),
(2793,3889,'xiaojin','小金','101271908'),
(2794,3889,'heishui','黑水','101271909'),
(2795,3889,'rangtang','壤塘','101271911'),
(2796,3889,'hongyuan','红原','101271913'),
(2797,3889,'lixian','理县','101271903'),
(2798,3890,'batang','巴塘','101271815'),
(2799,3890,'daocheng','稻城','101271817'),
(2800,3890,'daofu','道孚','101271807'),
(2801,3890,'dege','德格','101271810'),
(2802,3890,'ganzi','甘孜','101271801'),
(2803,3890,'jiulong','九龙','101271805'),
(2804,3890,'kangding','康定','101271802'),
(2805,3890,'litang','理塘','101271814'),
(2806,3890,'seda','色达','101271813'),
(2807,3890,'luding','泸定','101271803'),
(2808,3890,'danba','丹巴','101271804'),
(2809,3890,'yajiang','雅江','101271806'),
(2810,3890,'luhuo','炉霍','101271808'),
(2811,3890,'xinlong','新龙','101271809'),
(2812,3890,'baiyu','白玉','101271811'),
(2813,3890,'shiqu','石渠','101271812'),
(2814,3890,'derong','得荣','101271818'),
(2815,3890,'xiangcheng','乡城','101271816'),
(2816,3891,'chengdu','成都','101270101'),
(2817,3891,'xinjin','新津','101270110'),
(2818,3891,'longquanyi','龙泉驿','101270102'),
(2819,3891,'xindu','新都','101270103'),
(2820,3891,'wenjiang','温江','101270104'),
(2821,3891,'jintang','金堂','101270105'),
(2822,3891,'shuangliu','双流','101270106'),
(2823,3891,'pixian','郫县','101270107'),
(2824,3891,'dayi','大邑','101270108'),
(2825,3891,'pujiang','蒲江','101270109'),
(2826,3891,'dujiangyan','都江堰','101270111'),
(2827,3891,'pengzhou','彭州','101270112'),
(2828,3891,'qionglai','邛崃','101270113'),
(2829,3891,'chongzhou','崇州','101270114'),
(2830,3891,'qingbaijiang','青白江','101270115'),
(2831,3891,'jinniu','金牛','101270118'),
(2832,3891,'wuhou','武侯','101270119'),
(2833,3891,'jinjiang','锦江','101270116'),
(2834,3891,'qingyang','青羊','101270117'),
(2835,3891,'chenghua','成华','101270120'),
(2836,3892,'dachuan','达川','101270608'),
(2837,3892,'wanyuan','万源','101270606'),
(2838,3892,'dazhou','达州','101270601'),
(2839,3892,'xuanhan','宣汉','101270602'),
(2840,3892,'kaijiang','开江','101270603'),
(2841,3892,'dazhu','大竹','101270604'),
(2842,3892,'quxian','渠县','101270605'),
(2843,3892,'tongchuan','通川','101270607'),
(2844,3893,'emeishan','峨眉山','101271409'),
(2845,3893,'leshan','乐山','101271401'),
(2846,3893,'qianwei','犍为','101271402'),
(2847,3893,'jingyan','井研','101271403'),
(2848,3893,'jiajiang','夹江','101271404'),
(2849,3893,'muchuan','沐川','101271405'),
(2850,3893,'ebian','峨边','101271406'),
(2851,3893,'mabian','马边','101271407'),
(2852,3893,'emei','峨眉','101271408'),
(2853,3893,'shawan','沙湾','101271411'),
(2854,3893,'wutongqiao','五通桥','101271412'),
(2855,3893,'jinkouhe','金口河','101271413'),
(2856,3893,'shizhong','市中','101271410'),
(2857,3894,'guangan','广安','101270801'),
(2858,3894,'yuechi','岳池','101270802'),
(2859,3894,'wusheng','武胜','101270803'),
(2860,3894,'linshui','邻水','101270804'),
(2861,3894,'huaying','华蓥','101270805'),
(2862,3894,'qianfeng','前锋','101270806'),
(2863,3895,'hejiang','合江','101271004'),
(2864,3895,'luzhou','泸州','101271001'),
(2865,3895,'luxian','泸县','101271003'),
(2866,3895,'xuyong','叙永','101271005'),
(2867,3895,'gulin','古蔺','101271006'),
(2868,3895,'naxi','纳溪','101271007'),
(2869,3895,'longmatan','龙马潭','101271008'),
(2870,3895,'jiangyang','江阳','101271002'),
(2871,3896,'huili','会理','101271606'),
(2872,3896,'xichang','西昌','101271610'),
(2873,3896,'liangshan','凉山','101271601'),
(2874,3896,'muli','木里','101271603'),
(2875,3896,'yanyuan','盐源','101271604'),
(2876,3896,'dechang','德昌','101271605'),
(2877,3896,'huidong','会东','101271607'),
(2878,3896,'ningnan','宁南','101271608'),
(2879,3896,'puge','普格','101271609'),
(2880,3896,'jinyang','金阳','101271611'),
(2881,3896,'zhaojue','昭觉','101271612'),
(2882,3896,'xide','喜德','101271613'),
(2883,3896,'mianning','冕宁','101271614'),
(2884,3896,'yuexi','越西','101271615'),
(2885,3896,'ganluo','甘洛','101271616'),
(2886,3896,'leibo','雷波','101271617'),
(2887,3896,'meigu','美姑','101271618'),
(2888,3896,'butuo','布拖','101271619'),
(2889,3897,'langzhong','阆中','101270507'),
(2890,3897,'nanchong','南充','101270501'),
(2891,3897,'nanbu','南部','101270502'),
(2892,3897,'yingshan','营山','101270503'),
(2893,3897,'pengan','蓬安','101270504'),
(2894,3897,'yilong','仪陇','101270505'),
(2895,3897,'xichong','西充','101270506'),
(2896,3897,'gaoping','高坪','101270509'),
(2897,3897,'jialing','嘉陵','101270510'),
(2898,3897,'shunqing','顺庆','101270508'),
(2899,3898,'meishan','眉山','101271501'),
(2900,3898,'renshou','仁寿','101271502'),
(2901,3898,'pengshan','彭山','101271503'),
(2902,3898,'hongya','洪雅','101271504'),
(2903,3898,'danleng','丹棱','101271505'),
(2904,3898,'qingshen','青神','101271506'),
(2905,3898,'dongpo','东坡','101271507'),
(2906,3899,'mianyang','绵阳','101270401'),
(2907,3899,'pingwu','平武','101270407'),
(2908,3899,'santai','三台','101270402'),
(2909,3899,'yanting','盐亭','101270403'),
(2910,3899,'anxian','安县','101270404'),
(2911,3899,'zitong','梓潼','101270405'),
(2912,3899,'beichuan','北川','101270406'),
(2913,3899,'jiangyou','江油','101270408'),
(2914,3899,'fucheng','涪城','101270409'),
(2915,3899,'youxian','游仙','101270410'),
(2916,3899,'anzhou','安州','101270411'),
(2917,3900,'neijiang','内江','101271201'),
(2918,3900,'dongxing','东兴','101271202'),
(2919,3900,'weiyuan','威远','101271203'),
(2920,3900,'zizhong','资中','101271204'),
(2921,3900,'longchang','隆昌','101271205'),
(2922,3900,'shizhong','市中','101271206'),
(2923,3901,'yaan','雅安','101271701'),
(2924,3901,'mingshan','名山','101271702'),
(2925,3901,'hanyuan','汉源','101271704'),
(2926,3901,'shimian','石棉','101271705'),
(2927,3901,'tianquan','天全','101271706'),
(2928,3901,'lushan','芦山','101271707'),
(2929,3901,'baoxing','宝兴','101271708'),
(2930,3901,'yingjing','荥经','101271703'),
(2931,3901,'yucheng','雨城','101271709'),
(2932,3902,'yibin','宜宾','101271101'),
(2933,3902,'yibinxian','宜宾县','101271103'),
(2934,3902,'nanxi','南溪','101271104'),
(2935,3902,'jiangan','江安','101271105'),
(2936,3902,'changning','长宁','101271106'),
(2937,3902,'gaoxian','高县','101271107'),
(2938,3902,'gongxian','珙县','101271108'),
(2939,3902,'junlian','筠连','101271109'),
(2940,3902,'xingwen','兴文','101271110'),
(2941,3902,'pingshan','屏山','101271111'),
(2942,3902,'cuiping','翠屏','101271102'),
(2943,3903,'zigong','自贡','101270301'),
(2944,3903,'fushun','富顺','101270302'),
(2945,3903,'rongxian','荣县','101270303'),
(2946,3903,'gongjing','贡井','101270305'),
(2947,3903,'daan','大安','101270306'),
(2948,3903,'yantan','沿滩','101270307'),
(2949,3903,'ziliujing','自流井','101270304'),
(2950,3904,'panzhihua','攀枝花','101270201'),
(2951,3904,'renhe','仁和','101270202'),
(2952,3904,'miyi','米易','101270203'),
(2953,3904,'yanbian','盐边','101270204'),
(2954,3904,'xiqu','西区','101270206'),
(2955,3904,'dongqu','东区','101270205'),
(2956,3905,'deyang','德阳','101272001'),
(2957,3905,'zhongjiang','中江','101272002'),
(2958,3905,'guanghan','广汉','101272003'),
(2959,3905,'shifang','什邡','101272004'),
(2960,3905,'mianzhu','绵竹','101272005'),
(2961,3905,'luojiang','罗江','101272006'),
(2962,3905,'jingyang','旌阳','101272007'),
(2963,3906,'guangyuan','广元','101272101'),
(2964,3906,'wangcang','旺苍','101272102'),
(2965,3906,'qingchuan','青川','101272103'),
(2966,3906,'jiange','剑阁','101272104'),
(2967,3906,'cangxi','苍溪','101272105'),
(2968,3906,'lizhou','利州','101272106'),
(2969,3906,'zhaohua','昭化','101272107'),
(2970,3906,'chaotian','朝天','101272108'),
(2971,3907,'pengxi','蓬溪','101270702'),
(2972,3907,'shehong','射洪','101270703'),
(2973,3907,'suining','遂宁','101270701'),
(2974,3907,'anju','安居','101270705'),
(2975,3907,'daying','大英','101270706'),
(2976,3907,'chuanshan','船山','101270704'),
(2977,3908,'bazhong','巴中','101270901'),
(2978,3908,'tongjiang','通江','101270902'),
(2979,3908,'nanjiang','南江','101270903'),
(2980,3908,'pingchang','平昌','101270904'),
(2981,3908,'bazhou','巴州','101270905'),
(2982,3908,'enyang','恩阳','101270906'),
(2983,3909,'ziyang','资阳','101271301'),
(2984,3909,'anyue','安岳','101271302'),
(2985,3909,'lezhi','乐至','101271303'),
(2986,3909,'jianyang','简阳','101271304'),
(2987,3909,'yanjiang','雁江','101271305'),
(2988,3910,'jinghai','静海','101030900'),
(2989,3910,'tianjin','天津','101030100'),
(2990,3910,'wuqing','武清','101030200'),
(2991,3910,'baodi','宝坻','101030300'),
(2992,3910,'dongli','东丽','101030400'),
(2993,3910,'xiqing','西青','101030500'),
(2994,3910,'beichen','北辰','101030600'),
(2995,3910,'ninghe','宁河','101030700'),
(2996,3910,'jinnan','津南','101031000'),
(2997,3910,'jizhou','蓟州','101031400'),
(2998,3910,'binhaixinqu','滨海新区','101031100'),
(2999,3911,'heping','和平','101030800'),
(3000,3912,'hedong','河东','101031200'),
(3001,3913,'nankai','南开','101031500'),
(3002,3914,'hongqiao','红桥','101031700'),
(3003,3915,'hexi','河西','101031300'),
(3004,3916,'hebei','河北区','101031600'),
(3005,3917,'hongkong','香港','101320101'),
(3006,3917,'jiulong','九龙','101320102'),
(3007,3917,'xinjie','新界','101320103'),
(3008,3918,'anning','安宁','101290112'),
(3009,3918,'kunming','昆明','101290101'),
(3010,3918,'jinning','晋宁','101290105'),
(3011,3918,'dongchuan','东川','101290103'),
(3012,3918,'xundian','寻甸','101290104'),
(3013,3918,'yiliang','宜良','101290106'),
(3014,3918,'shilin','石林','101290107'),
(3015,3918,'chenggong','呈贡','101290108'),
(3016,3918,'fumin','富民','101290109'),
(3017,3918,'songming','嵩明','101290110'),
(3018,3918,'luquan','禄劝','101290111'),
(3019,3918,'taihuashan','太华山','101290113'),
(3020,3918,'wuhua','五华','101290102'),
(3021,3918,'panlong','盘龙','101290114'),
(3022,3918,'guandu','官渡','101290115'),
(3023,3918,'xishan','西山','101290116'),
(3024,3919,'baoshan','保山','101290501'),
(3025,3919,'tengchong','腾冲','101290506'),
(3026,3919,'longling','龙陵','101290503'),
(3027,3919,'sidian','施甸','101290504'),
(3028,3919,'changning','昌宁','101290505'),
(3029,3919,'longyang','隆阳','101290502'),
(3030,3920,'chuxiong','楚雄','101290801'),
(3031,3920,'yuanmou','元谋','101290803'),
(3032,3920,'dayao','大姚','101290802'),
(3033,3920,'yaoan','姚安','101290804'),
(3034,3920,'mouding','牟定','101290805'),
(3035,3920,'nanhua','南华','101290806'),
(3036,3920,'wuding','武定','101290807'),
(3037,3920,'lufeng','禄丰','101290808'),
(3038,3920,'shuangbai','双柏','101290809'),
(3039,3920,'yongren','永仁','101290810'),
(3040,3921,'dali','大理','101290201'),
(3041,3921,'yunlong','云龙','101290202'),
(3042,3921,'yangbi','漾濞','101290203'),
(3043,3921,'yongping','永平','101290204'),
(3044,3921,'binchuan','宾川','101290205'),
(3045,3921,'midu','弥渡','101290206'),
(3046,3921,'xiangyun','祥云','101290207'),
(3047,3921,'weishan','巍山','101290208'),
(3048,3921,'jianchuan','剑川','101290209'),
(3049,3921,'eryuan','洱源','101290210'),
(3050,3921,'heqing','鹤庆','101290211'),
(3051,3921,'nanjian','南涧','101290212'),
(3052,3922,'deqin','德钦','101291302'),
(3053,3922,'zhongdian','中甸','101291304'),
(3054,3922,'weixi','维西','101291303'),
(3055,3922,'xianggelila','香格里拉','101291301'),
(3056,3922,'diqing','迪庆','101291305'),
(3057,3923,'gengma','耿马','101291103'),
(3058,3923,'lincang','临沧','101291101'),
(3059,3923,'cangyuan','沧源','101291102'),
(3060,3923,'shuangjiang','双江','101291104'),
(3061,3923,'fengqing','凤庆','101291105'),
(3062,3923,'yongde','永德','101291106'),
(3063,3923,'yunxian','云县','101291107'),
(3064,3923,'zhenkang','镇康','101291108'),
(3065,3923,'linxiang','临翔','101291109'),
(3066,3924,'guangnan','广南','101290607'),
(3067,3924,'wenshan','文山','101290601'),
(3068,3924,'xichou','西畴','101290602'),
(3069,3924,'maguan','马关','101290603'),
(3070,3924,'malipo','麻栗坡','101290604'),
(3071,3924,'yanshan','砚山','101290605'),
(3072,3924,'qiubei','丘北','101290606'),
(3073,3924,'funing','富宁','101290608'),
(3074,3925,'huize','会泽','101290408'),
(3075,3925,'zhanyi','沾益','101290402'),
(3076,3925,'qujing','曲靖','101290401'),
(3077,3925,'luliang','陆良','101290403'),
(3078,3925,'fuyuan','富源','101290404'),
(3079,3925,'malong','马龙','101290405'),
(3080,3925,'shizong','师宗','101290406'),
(3081,3925,'luoping','罗平','101290407'),
(3082,3925,'xuanwei','宣威','101290409'),
(3083,3925,'qilin','麒麟','101290410'),
(3084,3926,'jiangcheng','江城','101290907'),
(3085,3926,'lancang','澜沧','101290904'),
(3086,3926,'puer','普洱','101290901'),
(3087,3926,'jinggu','景谷','101290902'),
(3088,3926,'jingdong','景东','101290903'),
(3089,3926,'ninger','宁洱','101290912'),
(3090,3926,'mojiang','墨江','101290906'),
(3091,3926,'menglian','孟连','101290908'),
(3092,3926,'ximeng','西盟','101290909'),
(3093,3926,'zhenyuan','镇沅','101290911'),
(3094,3926,'simao','思茅','101290905'),
(3095,3927,'jinghong','景洪','101291601'),
(3096,3927,'menghai','勐海','101291603'),
(3097,3927,'mengla','勐腊','101291605'),
(3098,3927,'xishuangbanna','西双版纳','101291602'),
(3099,3928,'lijiang','丽江','101291401'),
(3100,3928,'yongsheng','永胜','101291402'),
(3101,3928,'huaping','华坪','101291403'),
(3102,3928,'ninglang','宁蒗','101291404'),
(3103,3928,'gucheng','古城','101291405'),
(3104,3928,'yulong','玉龙','101291406'),
(3105,3929,'mengzi','蒙自','101290309'),
(3106,3929,'hekou','河口','101290313'),
(3107,3929,'honghe','红河','101290301'),
(3108,3929,'shiping','石屏','101290302'),
(3109,3929,'jianshui','建水','101290303'),
(3110,3929,'mile','弥勒','101290304'),
(3111,3929,'yuanyang','元阳','101290305'),
(3112,3929,'lvchun','绿春','101290306'),
(3113,3929,'kaiyuan','开远','101290307'),
(3114,3929,'gejiu','个旧','101290308'),
(3115,3929,'pingbian','屏边','101290310'),
(3116,3929,'luxi','泸西','101290311'),
(3117,3929,'jinping','金平','101290312'),
(3118,3930,'ruili','瑞丽','101291506'),
(3119,3930,'dehong','德宏','101291501'),
(3120,3930,'longchuan','陇川','101291503'),
(3121,3930,'yingjiang','盈江','101291504'),
(3122,3930,'lianghe','梁河','101291507'),
(3123,3930,'mangshi','芒市','101291508'),
(3124,3931,'yuanjiang','元江','101290709'),
(3125,3931,'yuxi','玉溪','101290701'),
(3126,3931,'chengjiang','澄江','101290702'),
(3127,3931,'jiangchuan','江川','101290703'),
(3128,3931,'tonghai','通海','101290704'),
(3129,3931,'huaning','华宁','101290705'),
(3130,3931,'xinping','新平','101290706'),
(3131,3931,'yimen','易门','101290707'),
(3132,3931,'eshan','峨山','101290708'),
(3133,3931,'hongta','红塔','101290710'),
(3134,3932,'zhaotong','昭通','101291001'),
(3135,3932,'ludian','鲁甸','101291002'),
(3136,3932,'yiliang','彝良','101291003'),
(3137,3932,'zhenxiong','镇雄','101291004'),
(3138,3932,'weixin','威信','101291005'),
(3139,3932,'qiaojia','巧家','101291006'),
(3140,3932,'suijiang','绥江','101291007'),
(3141,3932,'yongshan','永善','101291008'),
(3142,3932,'yanjin','盐津','101291009'),
(3143,3932,'daguan','大关','101291010'),
(3144,3932,'shuifu','水富','101291011'),
(3145,3932,'zhaoyang','昭阳','101291012'),
(3146,3933,'nujiang','怒江','101291201'),
(3147,3933,'fugong','福贡','101291203'),
(3148,3933,'lanping','兰坪','101291204'),
(3149,3933,'lushui','泸水','101291205'),
(3150,3933,'liuku','六库','101291206'),
(3151,3933,'gongshan','贡山','101291207'),
(3152,3934,'dinghai','定海','101211106'),
(3153,3934,'shengsi','嵊泗','101211102'),
(3154,3934,'zhoushan','舟山','101211101'),
(3155,3934,'daishan','岱山','101211104'),
(3156,3934,'putuo','普陀','101211105'),
(3157,3935,'haining','海宁','101210303'),
(3158,3935,'jiaxing','嘉兴','101210301'),
(3159,3935,'jiashan','嘉善','101210302'),
(3160,3935,'tongxiang','桐乡','101210304'),
(3161,3935,'pinghu','平湖','101210305'),
(3162,3935,'haiyan','海盐','101210306'),
(3163,3935,'nanhu','南湖','101210307'),
(3164,3935,'xiuzhou','秀洲','101210308'),
(3165,3936,'hangzhou','杭州','101210101'),
(3166,3936,'xiaoshan','萧山','101210102'),
(3167,3936,'tonglu','桐庐','101210103'),
(3168,3936,'chunan','淳安','101210104'),
(3169,3936,'jiande','建德','101210105'),
(3170,3936,'linan','临安','101210107'),
(3171,3936,'fuyang','富阳','101210108'),
(3172,3936,'yuhang','余杭','101210106'),
(3173,3936,'gongshu','拱墅','101210112'),
(3174,3936,'xihu','西湖','101210113'),
(3175,3936,'xiacheng','下城','101210110'),
(3176,3936,'shangcheng','上城','101210109'),
(3177,3936,'jianggan','江干','101210111'),
(3178,3936,'binjiang','滨江','101210114'),
(3179,3937,'huzhou','湖州','101210201'),
(3180,3937,'changxing','长兴','101210202'),
(3181,3937,'anji','安吉','101210203'),
(3182,3937,'deqing','德清','101210204'),
(3183,3937,'wuxing','吴兴','101210205'),
(3184,3937,'nanxun','南浔','101210206'),
(3185,3938,'lanxi','兰溪','101210903'),
(3186,3938,'jinhua','金华','101210901'),
(3187,3938,'pujiang','浦江','101210902'),
(3188,3938,'yiwu','义乌','101210904'),
(3189,3938,'dongyang','东阳','101210905'),
(3190,3938,'wuyi','武义','101210906'),
(3191,3938,'yongkang','永康','101210907'),
(3192,3938,'panan','磐安','101210908'),
(3193,3938,'wucheng','婺城','101210909'),
(3194,3938,'jindong','金东','101210910'),
(3195,3939,'linhai','临海','101210610'),
(3196,3939,'taizhou','台州','101210601'),
(3197,3939,'yuhuan','玉环','101210603'),
(3198,3939,'sanmen','三门','101210604'),
(3199,3939,'tiantai','天台','101210605'),
(3200,3939,'xianju','仙居','101210606'),
(3201,3939,'wenling','温岭','101210607'),
(3202,3939,'hongjia','洪家','101210609'),
(3203,3939,'jiaojiang','椒江','101210611'),
(3204,3939,'luqiao','路桥','101210613'),
(3205,3939,'huangyan','黄岩','101210612'),
(3206,3940,'lishui','丽水','101210801'),
(3207,3940,'suichang','遂昌','101210802'),
(3208,3940,'longquan','龙泉','101210803'),
(3209,3940,'jinyun','缙云','101210804'),
(3210,3940,'qingtian','青田','101210805'),
(3211,3940,'yunhe','云和','101210806'),
(3212,3940,'qingyuan','庆元','101210807'),
(3213,3940,'jingning','景宁','101210809'),
(3214,3940,'songyang','松阳','101210808'),
(3215,3940,'liandou','莲都','101210810'),
(3216,3941,'quzhou','衢州','101211001'),
(3217,3941,'changshan','常山','101211002'),
(3218,3941,'kaihua','开化','101211003'),
(3219,3941,'longyou','龙游','101211004'),
(3220,3941,'jiangshan','江山','101211005'),
(3221,3941,'qujiang','衢江','101211006'),
(3222,3941,'kecheng','柯城','101211007'),
(3223,3942,'yuecheng','越城','101210501'),
(3224,3942,'shengzhou','嵊州','101210505'),
(3225,3942,'zhuji','诸暨','101210502'),
(3226,3942,'shangyu','上虞','101210503'),
(3227,3942,'xinchang','新昌','101210504'),
(3228,3942,'keqiao','柯桥','101210506'),
(3229,3942,'shaoxing','绍兴','101210507'),
(3230,3943,'wenzhou','温州','101210701'),
(3231,3943,'taishun','泰顺','101210702'),
(3232,3943,'wencheng','文成','101210703'),
(3233,3943,'pingyang','平阳','101210704'),
(3234,3943,'ruian','瑞安','101210705'),
(3235,3943,'dongtou','洞头','101210706'),
(3236,3943,'yueqing','乐清','101210707'),
(3237,3943,'yongjia','永嘉','101210708'),
(3238,3943,'cangnan','苍南','101210709'),
(3239,3943,'lucheng','鹿城','101210710'),
(3240,3943,'longwan','龙湾','101210711'),
(3241,3943,'ouhai','瓯海','101210712'),
(3242,3944,'ningbo','宁波','101210401'),
(3243,3944,'cixi','慈溪','101210403'),
(3244,3944,'yuyao','余姚','101210404'),
(3245,3944,'fenghua','奉化','101210405'),
(3246,3944,'xiangshan','象山','101210406'),
(3247,3944,'ninghai','宁海','101210408'),
(3248,3944,'yinzhou','鄞州','101210411'),
(3249,3944,'zhenhai','镇海','101210412'),
(3250,3944,'beilun','北仑','101210410'),
(3251,3944,'haishu','海曙','101210402'),
(3252,3944,'jiangbei','江北','101210409'),
(3253,3944,'jiangdong','江东','101210407');


/*Data for the table `province` */

insert  into `province`(`provinceid`,`regionid`,`code`,`name`,`admincode`) values 
(14,2,'neimenggu','内蒙古','neimenggu'),
(15,2,'fujian','福建','fujian'),
(16,2,'gansu','甘肃','gansu'),
(17,2,'guangdong','广东','guangdong'),
(18,2,'hubei','湖北','hubei'),
(19,2,'jilin','吉林','jilin'),
(20,2,'hebei','河北','hebei'),
(21,2,'shanxi','山西','shanxi'),
(22,2,'xinjiang','新疆','xinjiang'),
(23,2,'xizang','西藏','xizang'),
(24,2,'qinghai','青海','qinghai'),
(25,2,'shan-xi','陕西','shan-xi'),
(26,2,'macao','澳门','macao'),
(27,2,'anhui','安徽','anhui'),
(28,2,'guangxi','广西','guangxi'),
(29,2,'hunan','湖南','hunan'),
(30,2,'jiangsu','江苏','jiangsu'),
(31,2,'henan','河南','henan'),
(32,2,'jiangxi','江西','jiangxi'),
(33,2,'guizhou','贵州','guizhou'),
(34,2,'hainan','海南','hainan'),
(35,2,'taiwan','台湾','taiwan'),
(36,2,'beijing','北京','beijing'),
(37,2,'chongqing','重庆','chongqing'),
(38,2,'heilongjiang','黑龙江','heilongjiang'),
(39,2,'liaoning','辽宁','liaoning'),
(40,2,'ningxia','宁夏','ningxia'),
(41,2,'shandong','山东','shandong'),
(42,2,'shanghai','上海','shanghai'),
(43,2,'sichuan','四川','sichuan'),
(44,2,'tianjin','天津','tianjin'),
(45,2,'hongkong','香港','hongkong'),
(46,2,'yunnan','云南','yunnan'),
(47,2,'zhejiang','浙江','zhejiang');

/*!40101 SET SQL_MODE=@OLD_SQL_MODE */;
/*!40014 SET FOREIGN_KEY_CHECKS=@OLD_FOREIGN_KEY_CHECKS */;
/*!40014 SET UNIQUE_CHECKS=@OLD_UNIQUE_CHECKS */;
/*!40111 SET SQL_NOTES=@OLD_SQL_NOTES */;
